kind,warehouse_code,warehouse_name,scan_prefix,zone,shelf,bin,zone_scan,shelf_scan,bin_scan,product_sku,qty,source
bin,STR,Stock Room,STR,A,S006,01,STR.A,STR.AS006,STR.AS006.01,RAW-SOAP-COCO-OIL,400,bin
bin,STR,Stock Room,STR,A,S006,02,STR.A,STR.AS006,STR.AS006.02,RAW-SOAP-NEEM-OIL,25,bin
bin,STR,Stock Room,STR,A,S006,03,STR.A,STR.AS006,STR.AS006.03,RAW-SOAP-CASTOR-OIL,100,bin
bin,STR,Stock Room,STR,A,S006,04,STR.A,STR.AS006,STR.AS006.04,RAW-SOAP-COCO-OIL,1000,bin
bin,STR,Stock Room,STR,A,S01,01,STR.A,STR.AS01,STR.AS01.01,RGDL,1234,bin
bin,STR,Stock Room,STR,A,S01,02,STR.A,STR.AS01,STR.AS01.02,GNSD,1234,bin
bin,STR,Stock Room,STR,A,S01,03,STR.A,STR.AS01,STR.AS01.03,,0,bin
bin,STR,Stock Room,STR,A,S01,04,STR.A,STR.AS01,STR.AS01.04,PSMT,1234,bin
bin,STR,Stock Room,STR,A,S01,05,STR.A,STR.AS01,STR.AS01.05,SSB,1234,bin
bin,STR,Stock Room,STR,A,S01,06,STR.A,STR.AS01,STR.AS01.06,WSS,1234,bin
bin,STR,Stock Room,STR,A,S02,01,STR.A,STR.AS02,STR.AS02.01,,0,bin
bin,STR,Stock Room,STR,A,S02,02,STR.A,STR.AS02,STR.AS02.02,IRKF,1234,bin
bin,STR,Stock Room,STR,A,S02,03,STR.A,STR.AS02,STR.AS02.03,SBWT,1234,bin
bin,STR,Stock Room,STR,A,S02,04,STR.A,STR.AS02,STR.AS02.04,GNSD,1234,bin
bin,STR,Stock Room,STR,A,S02,05,STR.A,STR.AS02,STR.AS02.05,GWP,1234,bin
bin,STR,Stock Room,STR,A,S02,06,STR.A,STR.AS02,STR.AS02.06,,0,bin
bin,STR,Stock Room,STR,A,S03,01,STR.A,STR.AS03,STR.AS03.01,SPNT,1234,bin
bin,STR,Stock Room,STR,A,S03,02,STR.A,STR.AS03,STR.AS03.02,,0,bin
bin,STR,Stock Room,STR,A,S03,03,STR.A,STR.AS03,STR.AS03.03,BTMT,1234,bin
bin,STR,Stock Room,STR,A,S03,04,STR.A,STR.AS03,STR.AS03.04,FXTM,1234,bin
bin,STR,Stock Room,STR,A,S03,05,STR.A,STR.AS03,STR.AS03.05,,0,bin
bin,STR,Stock Room,STR,A,S03,06,STR.A,STR.AS03,STR.AS03.06,,0,bin
bin,STR,Stock Room,STR,A,S031,01,STR.A,STR.AS031,STR.AS031.01,,0,bin
bin,STR,Stock Room,STR,A,S031,02,STR.A,STR.AS031,STR.AS031.02,,0,bin
bin,STR,Stock Room,STR,A,S031,03,STR.A,STR.AS031,STR.AS031.03,,0,bin
bin,STR,Stock Room,STR,A,S031,04,STR.A,STR.AS031,STR.AS031.04,,0,bin
bin,STR,Stock Room,STR,A,S04,01,STR.A,STR.AS04,STR.AS04.01,SHKI,1234,bin
bin,STR,Stock Room,STR,A,S04,02,STR.A,STR.AS04,STR.AS04.02,KDMT,1234,bin
bin,STR,Stock Room,STR,A,S04,03,STR.A,STR.AS04,STR.AS04.03,BYMT,1234,bin
bin,STR,Stock Room,STR,A,S04,04,STR.A,STR.AS04,STR.AS04.04,JWYL,1234,bin
bin,STR,Stock Room,STR,A,S05,01,STR.A,STR.AS05,STR.AS05.01,JAGP,1234,bin
bin,STR,Stock Room,STR,A,S05,02,STR.A,STR.AS05,STR.AS05.02,JAGR,1234,bin
bin,STR,Stock Room,STR,A,S05,03,STR.A,STR.AS05,STR.AS05.03,JAGF,1234,bin
bin,STR,Stock Room,STR,A,S056,01,STR.A,STR.AS056,STR.AS056.01,,0,bin
bin,STR,Stock Room,STR,A,S056,02,STR.A,STR.AS056,STR.AS056.02,,0,bin
bin,STR,Stock Room,STR,A,S056,03,STR.A,STR.AS056,STR.AS056.03,,0,bin
bin,STR,Stock Room,STR,A,S056,04,STR.A,STR.AS056,STR.AS056.04,,0,bin
bin,STR,Stock Room,STR,A,S06,01,STR.A,STR.AS06,STR.AS06.01,,0,bin
bin,STR,Stock Room,STR,A,S06,02,STR.A,STR.AS06,STR.AS06.02,,0,bin
bin,STR,Stock Room,STR,A,S06,03,STR.A,STR.AS06,STR.AS06.03,,0,bin
bin,STR,Stock Room,STR,A,S06,04,STR.A,STR.AS06,STR.AS06.04,,0,bin
bin,STR,Stock Room,STR,A,S081,01,STR.A,STR.AS081,STR.AS081.01,,0,bin
bin,STR,Stock Room,STR,A,S081,02,STR.A,STR.AS081,STR.AS081.02,,0,bin
bin,STR,Stock Room,STR,A,S081,03,STR.A,STR.AS081,STR.AS081.03,,0,bin
bin,STR,Stock Room,STR,A,S081,04,STR.A,STR.AS081,STR.AS081.04,,0,bin
bin,STR,Stock Room,STR,A,S106,01,STR.A,STR.AS106,STR.AS106.01,,0,bin
bin,STR,Stock Room,STR,A,S106,02,STR.A,STR.AS106,STR.AS106.02,,0,bin
bin,STR,Stock Room,STR,A,S106,03,STR.A,STR.AS106,STR.AS106.03,,0,bin
bin,STR,Stock Room,STR,A,S106,04,STR.A,STR.AS106,STR.AS106.04,,0,bin
bin,STR,Stock Room,STR,A,S131,01,STR.A,STR.AS131,STR.AS131.01,,0,bin
bin,STR,Stock Room,STR,A,S131,02,STR.A,STR.AS131,STR.AS131.02,,0,bin
bin,STR,Stock Room,STR,A,S131,03,STR.A,STR.AS131,STR.AS131.03,,0,bin
bin,STR,Stock Room,STR,A,S131,04,STR.A,STR.AS131,STR.AS131.04,,0,bin
bin,STR,Stock Room,STR,A,S156,01,STR.A,STR.AS156,STR.AS156.01,,0,bin
bin,STR,Stock Room,STR,A,S156,02,STR.A,STR.AS156,STR.AS156.02,,0,bin
bin,STR,Stock Room,STR,A,S156,03,STR.A,STR.AS156,STR.AS156.03,,0,bin
bin,STR,Stock Room,STR,A,S156,04,STR.A,STR.AS156,STR.AS156.04,,0,bin
bin,STR,Stock Room,STR,A,S181,01,STR.A,STR.AS181,STR.AS181.01,,0,bin
bin,STR,Stock Room,STR,A,S181,02,STR.A,STR.AS181,STR.AS181.02,,0,bin
bin,STR,Stock Room,STR,A,S181,03,STR.A,STR.AS181,STR.AS181.03,,0,bin
bin,STR,Stock Room,STR,A,S181,04,STR.A,STR.AS181,STR.AS181.04,,0,bin
bin,STR,Stock Room,STR,A,S206,01,STR.A,STR.AS206,STR.AS206.01,,0,bin
bin,STR,Stock Room,STR,A,S206,02,STR.A,STR.AS206,STR.AS206.02,,0,bin
bin,STR,Stock Room,STR,A,S206,03,STR.A,STR.AS206,STR.AS206.03,,0,bin
bin,STR,Stock Room,STR,A,S206,04,STR.A,STR.AS206,STR.AS206.04,,0,bin
bin,STR,Stock Room,STR,B,S001,01,STR.B,STR.BS001,STR.BS001.01,,0,bin
bin,STR,Stock Room,STR,B,S001,02,STR.B,STR.BS001,STR.BS001.02,,0,bin
bin,STR,Stock Room,STR,B,S001,03,STR.B,STR.BS001,STR.BS001.03,,0,bin
bin,STR,Stock Room,STR,B,S001,04,STR.B,STR.BS001,STR.BS001.04,,0,bin
bin,STR,Stock Room,STR,B,S01,01,STR.B,STR.BS01,STR.BS01.01,RFLW,1234,bin
bin,STR,Stock Room,STR,B,S01,02,STR.B,STR.BS01,STR.BS01.02,,0,bin
bin,STR,Stock Room,STR,B,S01,03,STR.B,STR.BS01,STR.BS01.03,CHWH,1234,bin
bin,STR,Stock Room,STR,B,S01,04,STR.B,STR.BS01,STR.BS01.04,CHBK,1234,bin
bin,STR,Stock Room,STR,B,S01,05,STR.B,STR.BS01,STR.BS01.05,CHDL,1234,bin
bin,STR,Stock Room,STR,B,S02,01,STR.B,STR.BS02,STR.BS02.01,RRFL,1234,bin
bin,STR,Stock Room,STR,B,S02,02,STR.B,STR.BS02,STR.BS02.02,,0,bin
bin,STR,Stock Room,STR,B,S02,03,STR.B,STR.BS02,STR.BS02.03,RCWP,1234,bin
bin,STR,Stock Room,STR,B,S02,04,STR.B,STR.BS02,STR.BS02.04,RCWP,1234,bin
bin,STR,Stock Room,STR,B,S02,05,STR.B,STR.BS02,STR.BS02.05,CWPA,1234,bin
bin,STR,Stock Room,STR,B,S026,01,STR.B,STR.BS026,STR.BS026.01,,0,bin
bin,STR,Stock Room,STR,B,S026,02,STR.B,STR.BS026,STR.BS026.02,,0,bin
bin,STR,Stock Room,STR,B,S026,03,STR.B,STR.BS026,STR.BS026.03,,0,bin
bin,STR,Stock Room,STR,B,S026,04,STR.B,STR.BS026,STR.BS026.04,,0,bin
bin,STR,Stock Room,STR,B,S03,01,STR.B,STR.BS03,STR.BS03.01,SOYA,1234,bin
bin,STR,Stock Room,STR,B,S03,02,STR.B,STR.BS03,STR.BS03.02,,0,bin
bin,STR,Stock Room,STR,B,S03,03,STR.B,STR.BS03,STR.BS03.03,MGMF,1234,bin
bin,STR,Stock Room,STR,B,S03,04,STR.B,STR.BS03,STR.BS03.04,MGMF,1234,bin
bin,STR,Stock Room,STR,B,S03,05,STR.B,STR.BS03,STR.BS03.05,MMIM,1234,bin
bin,STR,Stock Room,STR,B,S03,06,STR.B,STR.BS03,STR.BS03.06,MMFL,1234,bin
bin,STR,Stock Room,STR,B,S04,01,STR.B,STR.BS04,STR.BS04.01,RJMA,1234,bin
bin,STR,Stock Room,STR,B,S04,02,STR.B,STR.BS04,STR.BS04.02,RRPH,1234,bin
bin,STR,Stock Room,STR,B,S04,03,STR.B,STR.BS04,STR.BS04.03,MGMF,1234,bin
bin,STR,Stock Room,STR,B,S04,04,STR.B,STR.BS04,STR.BS04.04,RRPH,1234,bin
bin,STR,Stock Room,STR,B,S04,05,STR.B,STR.BS04,STR.BS04.05,DHNI,1234,bin
bin,STR,Stock Room,STR,B,S05,01,STR.B,STR.BS05,STR.BS05.01,PJAG,1234,bin
bin,STR,Stock Room,STR,B,S05,02,STR.B,STR.BS05,STR.BS05.02,PJAG,1234,bin
bin,STR,Stock Room,STR,B,S05,03,STR.B,STR.BS05,STR.BS05.03,PJAG,1234,bin
bin,STR,Stock Room,STR,B,S05,04,STR.B,STR.BS05,STR.BS05.04,PJAC,1234,bin
bin,STR,Stock Room,STR,B,S05,05,STR.B,STR.BS05,STR.BS05.05,PJAC,1234,bin
bin,STR,Stock Room,STR,B,S05,06,STR.B,STR.BS05,STR.BS05.06,DHNP,1234,bin
bin,STR,Stock Room,STR,B,S051,01,STR.B,STR.BS051,STR.BS051.01,,0,bin
bin,STR,Stock Room,STR,B,S051,02,STR.B,STR.BS051,STR.BS051.02,,0,bin
bin,STR,Stock Room,STR,B,S051,03,STR.B,STR.BS051,STR.BS051.03,,0,bin
bin,STR,Stock Room,STR,B,S051,04,STR.B,STR.BS051,STR.BS051.04,,0,bin
bin,STR,Stock Room,STR,B,S06,01,STR.B,STR.BS06,STR.BS06.01,CHFL,1234,bin
bin,STR,Stock Room,STR,B,S06,02,STR.B,STR.BS06,STR.BS06.02,CHFL,1234,bin
bin,STR,Stock Room,STR,B,S06,03,STR.B,STR.BS06,STR.BS06.03,PSGR,1234,bin
bin,STR,Stock Room,STR,B,S06,04,STR.B,STR.BS06,STR.BS06.04,PSGR,1234,bin
bin,STR,Stock Room,STR,B,S06,05,STR.B,STR.BS06,STR.BS06.05,DHNP,1234,bin
bin,STR,Stock Room,STR,B,S06,06,STR.B,STR.BS06,STR.BS06.06,,0,bin
bin,STR,Stock Room,STR,B,S07,01,STR.B,STR.BS07,STR.BS07.01,TRMP,1234,bin
bin,STR,Stock Room,STR,B,S07,02,STR.B,STR.BS07,STR.BS07.02,,0,bin
bin,STR,Stock Room,STR,B,S07,03,STR.B,STR.BS07,STR.BS07.03,TRMP,1234,bin
bin,STR,Stock Room,STR,B,S07,04,STR.B,STR.BS07,STR.BS07.04,CHPW,1234,bin
bin,STR,Stock Room,STR,B,S07,05,STR.B,STR.BS07,STR.BS07.05,CHPW,1234,bin
bin,STR,Stock Room,STR,B,S07,06,STR.B,STR.BS07,STR.BS07.06,CHPW,1234,bin
bin,STR,Stock Room,STR,B,S076,01,STR.B,STR.BS076,STR.BS076.01,,0,bin
bin,STR,Stock Room,STR,B,S076,02,STR.B,STR.BS076,STR.BS076.02,,0,bin
bin,STR,Stock Room,STR,B,S076,03,STR.B,STR.BS076,STR.BS076.03,,0,bin
bin,STR,Stock Room,STR,B,S076,04,STR.B,STR.BS076,STR.BS076.04,,0,bin
bin,STR,Stock Room,STR,B,S08,01,STR.B,STR.BS08,STR.BS08.01,JWYF,1234,bin
bin,STR,Stock Room,STR,B,S08,02,STR.B,STR.BS08,STR.BS08.02,BTMR,1234,bin
bin,STR,Stock Room,STR,B,S08,03,STR.B,STR.BS08,STR.BS08.03,FXMR,1234,bin
bin,STR,Stock Room,STR,B,S08,04,STR.B,STR.BS08,STR.BS08.04,KDMR,1234,bin
bin,STR,Stock Room,STR,B,S09,01,STR.B,STR.BS09,STR.BS09.01,BYMR,1234,bin
bin,STR,Stock Room,STR,B,S09,02,STR.B,STR.BS09,STR.BS09.02,WHRV,1234,bin
bin,STR,Stock Room,STR,B,S09,03,STR.B,STR.BS09,STR.BS09.03,LTMR,1234,bin
bin,STR,Stock Room,STR,B,S09,04,STR.B,STR.BS09,STR.BS09.04,BAJR,1234,bin
bin,STR,Stock Room,STR,B,S10,01,STR.B,STR.BS10,STR.BS10.01,WHFL,1234,bin
bin,STR,Stock Room,STR,B,S10,02,STR.B,STR.BS10,STR.BS10.02,MGAT,1234,bin
bin,STR,Stock Room,STR,B,S10,03,STR.B,STR.BS10,STR.BS10.03,RAGF,1234,bin
bin,STR,Stock Room,STR,B,S10,04,STR.B,STR.BS10,STR.BS10.04,JWHF,1234,bin
bin,STR,Stock Room,STR,B,S101,01,STR.B,STR.BS101,STR.BS101.01,,0,bin
bin,STR,Stock Room,STR,B,S101,02,STR.B,STR.BS101,STR.BS101.02,,0,bin
bin,STR,Stock Room,STR,B,S101,03,STR.B,STR.BS101,STR.BS101.03,,0,bin
bin,STR,Stock Room,STR,B,S101,04,STR.B,STR.BS101,STR.BS101.04,,0,bin
bin,STR,Stock Room,STR,B,S11,01,STR.B,STR.BS11,STR.BS11.01,LTMP,1234,bin
bin,STR,Stock Room,STR,B,S11,02,STR.B,STR.BS11,STR.BS11.02,SRMP,1234,bin
bin,STR,Stock Room,STR,B,S11,03,STR.B,STR.BS11,STR.BS11.03,JWJF,1234,bin
bin,STR,Stock Room,STR,B,S11,04,STR.B,STR.BS11,STR.BS11.04,COIL,1234,bin
bin,STR,Stock Room,STR,B,S12,01,STR.B,STR.BS12,STR.BS12.01,BAJF,1234,bin
bin,STR,Stock Room,STR,B,S12,02,STR.B,STR.BS12,STR.BS12.02,BAJF,1234,bin
bin,STR,Stock Room,STR,B,S12,03,STR.B,STR.BS12,STR.BS12.03,RAGF,1234,bin
bin,STR,Stock Room,STR,B,S12,04,STR.B,STR.BS12,STR.BS12.04,SSB,1234,bin
bin,STR,Stock Room,STR,B,S126,01,STR.B,STR.BS126,STR.BS126.01,,0,bin
bin,STR,Stock Room,STR,B,S126,02,STR.B,STR.BS126,STR.BS126.02,,0,bin
bin,STR,Stock Room,STR,B,S126,03,STR.B,STR.BS126,STR.BS126.03,,0,bin
bin,STR,Stock Room,STR,B,S126,04,STR.B,STR.BS126,STR.BS126.04,,0,bin
bin,STR,Stock Room,STR,B,S13,01,STR.B,STR.BS13,STR.BS13.01,DHNI,1234,bin
bin,STR,Stock Room,STR,B,S13,02,STR.B,STR.BS13,STR.BS13.02,SBWR,1234,bin
bin,STR,Stock Room,STR,B,S13,03,STR.B,STR.BS13,STR.BS13.03,RRRV,1234,bin
bin,STR,Stock Room,STR,B,S13,04,STR.B,STR.BS13,STR.BS13.04,FCDL,1234,bin
bin,STR,Stock Room,STR,B,S13,05,STR.B,STR.BS13,STR.BS13.05,DHNI,1234,bin
bin,STR,Stock Room,STR,B,S13,06,STR.B,STR.BS13,STR.BS13.06,RAGR,1234,bin
bin,STR,Stock Room,STR,B,S13,07,STR.B,STR.BS13,STR.BS13.07,SSB,1234,bin
bin,STR,Stock Room,STR,B,S13,08,STR.B,STR.BS13,STR.BS13.08,WSS,1234,bin
bin,STR,Stock Room,STR,B,S14,01,STR.B,STR.BS14,STR.BS14.01,DBRC,1234,bin
bin,STR,Stock Room,STR,B,S14,02,STR.B,STR.BS14,STR.BS14.02,BLRC,1234,bin
bin,STR,Stock Room,STR,B,S14,03,STR.B,STR.BS14,STR.BS14.03,RAGI,1234,bin
bin,STR,Stock Room,STR,B,S14,04,STR.B,STR.BS14,STR.BS14.04,BKRC,1234,bin
bin,STR,Stock Room,STR,B,S14,05,STR.B,STR.BS14,STR.BS14.05,NVRC,1234,bin
bin,STR,Stock Room,STR,B,S14,06,STR.B,STR.BS14,STR.BS14.06,RRUP,1234,bin
bin,STR,Stock Room,STR,B,S15,01,STR.B,STR.BS15,STR.BS15.01,RCSC,1234,bin
bin,STR,Stock Room,STR,B,S15,02,STR.B,STR.BS15,STR.BS15.02,RJRC,1234,bin
bin,STR,Stock Room,STR,B,S15,03,STR.B,STR.BS15,STR.BS15.03,FRUP,1234,bin
bin,STR,Stock Room,STR,B,S15,04,STR.B,STR.BS15,STR.BS15.04,FRPL,1234,bin
bin,STR,Stock Room,STR,B,S15,05,STR.B,STR.BS15,STR.BS15.05,JWWH,1234,bin
bin,STR,Stock Room,STR,B,S15,06,STR.B,STR.BS15,STR.BS15.06,SESL,1234,bin
bin,STR,Stock Room,STR,B,S15,07,STR.B,STR.BS15,STR.BS15.07,CMRC,1234,bin
bin,STR,Stock Room,STR,B,S151,01,STR.B,STR.BS151,STR.BS151.01,,0,bin
bin,STR,Stock Room,STR,B,S151,02,STR.B,STR.BS151,STR.BS151.02,,0,bin
bin,STR,Stock Room,STR,B,S151,03,STR.B,STR.BS151,STR.BS151.03,,0,bin
bin,STR,Stock Room,STR,B,S151,04,STR.B,STR.BS151,STR.BS151.04,,0,bin
bin,STR,Stock Room,STR,B,S16,01,STR.B,STR.BS16,STR.BS16.01,DHNI,1234,bin
bin,STR,Stock Room,STR,B,S16,02,STR.B,STR.BS16,STR.BS16.02,JWHR,1234,bin
bin,STR,Stock Room,STR,B,S16,03,STR.B,STR.BS16,STR.BS16.03,BGSC,1234,bin
bin,STR,Stock Room,STR,B,S16,04,STR.B,STR.BS16,STR.BS16.04,BGHK,1234,bin
bin,STR,Stock Room,STR,B,S16,05,STR.B,STR.BS16,STR.BS16.05,GGDL,1234,bin
bin,STR,Stock Room,STR,B,S17,01,STR.B,STR.BS17,STR.BS17.01,CWPD,1234,bin
bin,STR,Stock Room,STR,B,S17,02,STR.B,STR.BS17,STR.BS17.02,CHBK,1234,bin
bin,STR,Stock Room,STR,B,S17,03,STR.B,STR.BS17,STR.BS17.03,RCWP,1234,bin
bin,STR,Stock Room,STR,B,S17,04,STR.B,STR.BS17,STR.BS17.04,CHDL,1234,bin
bin,STR,Stock Room,STR,B,S17,05,STR.B,STR.BS17,STR.BS17.05,CHDL,1234,bin
bin,STR,Stock Room,STR,B,S17,06,STR.B,STR.BS17,STR.BS17.06,JWYL,1234,bin
bin,STR,Stock Room,STR,B,S17,07,STR.B,STR.BS17,STR.BS17.07,HGDL,1234,bin
bin,STR,Stock Room,STR,B,S17,08,STR.B,STR.BS17,STR.BS17.08,ANPA,1234,bin
bin,STR,Stock Room,STR,B,S17,09,STR.B,STR.BS17,STR.BS17.09,FCDL,1234,bin
bin,STR,Stock Room,STR,B,S17,10,STR.B,STR.BS17,STR.BS17.10,HGWH,1234,bin
bin,STR,Stock Room,STR,B,S17,11,STR.B,STR.BS17,STR.BS17.11,FLXS,1234,bin
bin,STR,Stock Room,STR,B,S17,12,STR.B,STR.BS17,STR.BS17.12,CWPA,1234,bin
bin,STR,Stock Room,STR,B,S17,13,STR.B,STR.BS17,STR.BS17.13,JWWH,1234,bin
bin,STR,Stock Room,STR,B,S176,01,STR.B,STR.BS176,STR.BS176.01,,0,bin
bin,STR,Stock Room,STR,B,S176,02,STR.B,STR.BS176,STR.BS176.02,,0,bin
bin,STR,Stock Room,STR,B,S176,03,STR.B,STR.BS176,STR.BS176.03,,0,bin
bin,STR,Stock Room,STR,B,S176,04,STR.B,STR.BS176,STR.BS176.04,,0,bin
bin,STR,Stock Room,STR,B,S18,01,STR.B,STR.BS18,STR.BS18.01,BTMF,1234,bin
bin,STR,Stock Room,STR,B,S18,02,STR.B,STR.BS18,STR.BS18.02,BYMF,1234,bin
bin,STR,Stock Room,STR,B,S18,03,STR.B,STR.BS18,STR.BS18.03,LTMF,1234,bin
bin,STR,Stock Room,STR,B,S18,04,STR.B,STR.BS18,STR.BS18.04,KDMF,1234,bin
bin,STR,Stock Room,STR,B,S18,05,STR.B,STR.BS18,STR.BS18.05,FXMF,1234,bin
bin,STR,Stock Room,STR,B,S201,01,STR.B,STR.BS201,STR.BS201.01,,0,bin
bin,STR,Stock Room,STR,B,S201,02,STR.B,STR.BS201,STR.BS201.02,,0,bin
bin,STR,Stock Room,STR,B,S201,03,STR.B,STR.BS201,STR.BS201.03,,0,bin
bin,STR,Stock Room,STR,B,S201,04,STR.B,STR.BS201,STR.BS201.04,,0,bin
bin,STR,Stock Room,STR,C,S004,01,STR.C,STR.CS004,STR.CS004.01,,0,bin
bin,STR,Stock Room,STR,C,S004,02,STR.C,STR.CS004,STR.CS004.02,,0,bin
bin,STR,Stock Room,STR,C,S004,03,STR.C,STR.CS004,STR.CS004.03,,0,bin
bin,STR,Stock Room,STR,C,S004,04,STR.C,STR.CS004,STR.CS004.04,,0,bin
bin,STR,Stock Room,STR,C,S01,01,STR.C,STR.CS01,STR.CS01.01,,0,bin
bin,STR,Stock Room,STR,C,S01,02,STR.C,STR.CS01,STR.CS01.02,FLXP,1234,bin
bin,STR,Stock Room,STR,C,S01,03,STR.C,STR.CS01,STR.CS01.03,GNDK,1234,bin
bin,STR,Stock Room,STR,C,S01,04,STR.C,STR.CS01,STR.CS01.04,SCPD,1234,bin
bin,STR,Stock Room,STR,C,S01,05,STR.C,STR.CS01,STR.CS01.05,SBPW,1234,bin
bin,STR,Stock Room,STR,C,S02,01,STR.C,STR.CS02,STR.CS02.01,IMPM,1234,bin
bin,STR,Stock Room,STR,C,S02,02,STR.C,STR.CS02,STR.CS02.02,IMPM,1234,bin
bin,STR,Stock Room,STR,C,S02,03,STR.C,STR.CS02,STR.CS02.03,MGPW,1234,bin
bin,STR,Stock Room,STR,C,S02,04,STR.C,STR.CS02,STR.CS02.04,RSPW,1234,bin
bin,STR,Stock Room,STR,C,S02,05,STR.C,STR.CS02,STR.CS02.05,BKSL,1234,bin
bin,STR,Stock Room,STR,C,S029,01,STR.C,STR.CS029,STR.CS029.01,,0,bin
bin,STR,Stock Room,STR,C,S029,02,STR.C,STR.CS029,STR.CS029.02,,0,bin
bin,STR,Stock Room,STR,C,S029,03,STR.C,STR.CS029,STR.CS029.03,,0,bin
bin,STR,Stock Room,STR,C,S029,04,STR.C,STR.CS029,STR.CS029.04,,0,bin
bin,STR,Stock Room,STR,C,S03,01,STR.C,STR.CS03,STR.CS03.01,KLNJ,1234,bin
bin,STR,Stock Room,STR,C,S03,02,STR.C,STR.CS03,STR.CS03.02,PHPW,1234,bin
bin,STR,Stock Room,STR,C,S03,03,STR.C,STR.CS03,STR.CS03.03,GCHP,1234,bin
bin,STR,Stock Room,STR,C,S03,04,STR.C,STR.CS03,STR.CS03.04,KNDP,1234,bin
bin,STR,Stock Room,STR,C,S03,05,STR.C,STR.CS03,STR.CS03.05,FGRN,1234,bin
bin,STR,Stock Room,STR,C,S04,01,STR.C,STR.CS04,STR.CS04.01,NLVS,1234,bin
bin,STR,Stock Room,STR,C,S04,02,STR.C,STR.CS04,STR.CS04.02,WGRP,1234,bin
bin,STR,Stock Room,STR,C,S04,03,STR.C,STR.CS04,STR.CS04.03,AMLP,1234,bin
bin,STR,Stock Room,STR,C,S04,04,STR.C,STR.CS04,STR.CS04.04,GNMS,1234,bin
bin,STR,Stock Room,STR,C,S04,05,STR.C,STR.CS04,STR.CS04.05,VNKR,1234,bin
bin,STR,Stock Room,STR,C,S05,01,STR.C,STR.CS05,STR.CS05.01,,0,bin
bin,STR,Stock Room,STR,C,S05,02,STR.C,STR.CS05,STR.CS05.02,,0,bin
bin,STR,Stock Room,STR,C,S05,03,STR.C,STR.CS05,STR.CS05.03,,0,bin
bin,STR,Stock Room,STR,C,S05,04,STR.C,STR.CS05,STR.CS05.04,,0,bin
bin,STR,Stock Room,STR,C,S05,05,STR.C,STR.CS05,STR.CS05.05,,0,bin
bin,STR,Stock Room,STR,C,S05,06,STR.C,STR.CS05,STR.CS05.06,,0,bin
bin,STR,Stock Room,STR,C,S05,07,STR.C,STR.CS05,STR.CS05.07,,0,bin
bin,STR,Stock Room,STR,C,S05,08,STR.C,STR.CS05,STR.CS05.08,,0,bin
bin,STR,Stock Room,STR,C,S05,09,STR.C,STR.CS05,STR.CS05.09,,0,bin
bin,STR,Stock Room,STR,C,S05,10,STR.C,STR.CS05,STR.CS05.10,,0,bin
bin,STR,Stock Room,STR,C,S054,01,STR.C,STR.CS054,STR.CS054.01,,0,bin
bin,STR,Stock Room,STR,C,S054,02,STR.C,STR.CS054,STR.CS054.02,,0,bin
bin,STR,Stock Room,STR,C,S054,03,STR.C,STR.CS054,STR.CS054.03,,0,bin
bin,STR,Stock Room,STR,C,S054,04,STR.C,STR.CS054,STR.CS054.04,,0,bin
bin,STR,Stock Room,STR,C,S06,01,STR.C,STR.CS06,STR.CS06.01,COFP,1234,bin
bin,STR,Stock Room,STR,C,S06,02,STR.C,STR.CS06,STR.CS06.02,ALMN,1234,bin
bin,STR,Stock Room,STR,C,S06,03,STR.C,STR.CS06,STR.CS06.03,RGMR,1234,bin
bin,STR,Stock Room,STR,C,S06,04,STR.C,STR.CS06,STR.CS06.04,CKGN,1234,bin
bin,STR,Stock Room,STR,C,S06,05,STR.C,STR.CS06,STR.CS06.05,KSME,1234,bin
bin,STR,Stock Room,STR,C,S07,01,STR.C,STR.CS07,STR.CS07.01,COFP,2468,bin
bin,STR,Stock Room,STR,C,S07,02,STR.C,STR.CS07,STR.CS07.02,ALMN,1234,bin
bin,STR,Stock Room,STR,C,S07,03,STR.C,STR.CS07,STR.CS07.03,,0,bin
bin,STR,Stock Room,STR,C,S07,04,STR.C,STR.CS07,STR.CS07.04,PSLD,1234,bin
bin,STR,Stock Room,STR,C,S07,05,STR.C,STR.CS07,STR.CS07.05,BKSL,1234,bin
bin,STR,Stock Room,STR,C,S079,01,STR.C,STR.CS079,STR.CS079.01,,0,bin
bin,STR,Stock Room,STR,C,S079,02,STR.C,STR.CS079,STR.CS079.02,,0,bin
bin,STR,Stock Room,STR,C,S079,03,STR.C,STR.CS079,STR.CS079.03,,0,bin
bin,STR,Stock Room,STR,C,S079,04,STR.C,STR.CS079,STR.CS079.04,,0,bin
bin,STR,Stock Room,STR,C,S08,01,STR.C,STR.CS08,STR.CS08.01,COFP,1234,bin
bin,STR,Stock Room,STR,C,S08,02,STR.C,STR.CS08,STR.CS08.02,,0,bin
bin,STR,Stock Room,STR,C,S08,03,STR.C,STR.CS08,STR.CS08.03,WGCK,1234,bin
bin,STR,Stock Room,STR,C,S08,04,STR.C,STR.CS08,STR.CS08.04,PMPS,2468,bin
bin,STR,Stock Room,STR,C,S08,05,STR.C,STR.CS08,STR.CS08.05,,0,bin
bin,STR,Stock Room,STR,C,S09,01,STR.C,STR.CS09,STR.CS09.01,CSHW,2468,bin
bin,STR,Stock Room,STR,C,S09,02,STR.C,STR.CS09,STR.CS09.02,,0,bin
bin,STR,Stock Room,STR,C,S09,03,STR.C,STR.CS09,STR.CS09.03,MNPT,1234,bin
bin,STR,Stock Room,STR,C,S09,04,STR.C,STR.CS09,STR.CS09.04,PTNL,1234,bin
bin,STR,Stock Room,STR,C,S09,04A,STR.C,STR.CS09,STR.CS09.04A,HGMS,1234,bin
bin,STR,Stock Room,STR,C,S09,05,STR.C,STR.CS09,STR.CS09.05,MGPP,1234,bin
bin,STR,Stock Room,STR,C,S10,01,STR.C,STR.CS10,STR.CS10.01,CSHW,1234,bin
bin,STR,Stock Room,STR,C,S10,02,STR.C,STR.CS10,STR.CS10.02,BYLF,1234,bin
bin,STR,Stock Room,STR,C,S10,03,STR.C,STR.CS10,STR.CS10.03,AJWN,1234,bin
bin,STR,Stock Room,STR,C,S10,04,STR.C,STR.CS10,STR.CS10.04,FXBR,1234,bin
bin,STR,Stock Room,STR,C,S10,05,STR.C,STR.CS10,STR.CS10.05,MSPW,1234,bin
bin,STR,Stock Room,STR,C,S104,01,STR.C,STR.CS104,STR.CS104.01,,0,bin
bin,STR,Stock Room,STR,C,S104,02,STR.C,STR.CS104,STR.CS104.02,,0,bin
bin,STR,Stock Room,STR,C,S104,03,STR.C,STR.CS104,STR.CS104.03,,0,bin
bin,STR,Stock Room,STR,C,S104,04,STR.C,STR.CS104,STR.CS104.04,,0,bin
bin,STR,Stock Room,STR,C,S11,01,STR.C,STR.CS11,STR.CS11.01,IAUM,1234,bin
bin,STR,Stock Room,STR,C,S11,02,STR.C,STR.CS11,STR.CS11.02,IAUM,1234,bin
bin,STR,Stock Room,STR,C,S11,03,STR.C,STR.CS11,STR.CS11.03,IKUM,1234,bin
bin,STR,Stock Room,STR,C,S11,04,STR.C,STR.CS11,STR.CS11.04,IKUM,1234,bin
bin,STR,Stock Room,STR,C,S11,05,STR.C,STR.CS11,STR.CS11.05,MMFP,1234,bin
bin,STR,Stock Room,STR,C,S12,01,STR.C,STR.CS12,STR.CS12.01,GNGP,1234,bin
bin,STR,Stock Room,STR,C,S12,02,STR.C,STR.CS12,STR.CS12.02,CHIA,1234,bin
bin,STR,Stock Room,STR,C,S12,03,STR.C,STR.CS12,STR.CS12.03,SBJA,1234,bin
bin,STR,Stock Room,STR,C,S12,04,STR.C,STR.CS12,STR.CS12.04,NVKR,1234,bin
bin,STR,Stock Room,STR,C,S12,05,STR.C,STR.CS12,STR.CS12.05,NLKR,1234,bin
bin,STR,Stock Room,STR,C,S129,01,STR.C,STR.CS129,STR.CS129.01,,0,bin
bin,STR,Stock Room,STR,C,S129,02,STR.C,STR.CS129,STR.CS129.02,,0,bin
bin,STR,Stock Room,STR,C,S129,03,STR.C,STR.CS129,STR.CS129.03,,0,bin
bin,STR,Stock Room,STR,C,S129,04,STR.C,STR.CS129,STR.CS129.04,,0,bin
bin,STR,Stock Room,STR,C,S13,01,STR.C,STR.CS13,STR.CS13.01,PPPD,1234,bin
bin,STR,Stock Room,STR,C,S13,02,STR.C,STR.CS13,STR.CS13.02,ASHW,2468,bin
bin,STR,Stock Room,STR,C,S13,03,STR.C,STR.CS13,STR.CS13.03,MGSP,1234,bin
bin,STR,Stock Room,STR,C,S13,04,STR.C,STR.CS13,STR.CS13.04,KKKR,1234,bin
bin,STR,Stock Room,STR,C,S13,05,STR.C,STR.CS13,STR.CS13.05,CLPW,1234,bin
bin,STR,Stock Room,STR,C,S13,06,STR.C,STR.CS13,STR.CS13.06,,0,bin
bin,STR,Stock Room,STR,C,S14,01,STR.C,STR.CS14,STR.CS14.01,,0,bin
bin,STR,Stock Room,STR,C,S14,02,STR.C,STR.CS14,STR.CS14.02,,0,bin
bin,STR,Stock Room,STR,C,S14,03,STR.C,STR.CS14,STR.CS14.03,,0,bin
bin,STR,Stock Room,STR,C,S14,04,STR.C,STR.CS14,STR.CS14.04,,0,bin
bin,STR,Stock Room,STR,C,S14,05,STR.C,STR.CS14,STR.CS14.05,,0,bin
bin,STR,Stock Room,STR,C,S14,06,STR.C,STR.CS14,STR.CS14.06,,0,bin
bin,STR,Stock Room,STR,C,S15,01,STR.C,STR.CS15,STR.CS15.01,,0,bin
bin,STR,Stock Room,STR,C,S15,02,STR.C,STR.CS15,STR.CS15.02,,0,bin
bin,STR,Stock Room,STR,C,S15,03,STR.C,STR.CS15,STR.CS15.03,,0,bin
bin,STR,Stock Room,STR,C,S15,04,STR.C,STR.CS15,STR.CS15.04,,0,bin
bin,STR,Stock Room,STR,C,S15,05,STR.C,STR.CS15,STR.CS15.05,,0,bin
bin,STR,Stock Room,STR,C,S154,01,STR.C,STR.CS154,STR.CS154.01,,0,bin
bin,STR,Stock Room,STR,C,S154,02,STR.C,STR.CS154,STR.CS154.02,,0,bin
bin,STR,Stock Room,STR,C,S154,03,STR.C,STR.CS154,STR.CS154.03,,0,bin
bin,STR,Stock Room,STR,C,S154,04,STR.C,STR.CS154,STR.CS154.04,,0,bin
bin,STR,Stock Room,STR,C,S16,01,STR.C,STR.CS16,STR.CS16.01,,0,bin
bin,STR,Stock Room,STR,C,S16,02,STR.C,STR.CS16,STR.CS16.02,,0,bin
bin,STR,Stock Room,STR,C,S16,03,STR.C,STR.CS16,STR.CS16.03,,0,bin
bin,STR,Stock Room,STR,C,S16,04,STR.C,STR.CS16,STR.CS16.04,,0,bin
bin,STR,Stock Room,STR,C,S16,05,STR.C,STR.CS16,STR.CS16.05,,0,bin
bin,STR,Stock Room,STR,C,S17,01,STR.C,STR.CS17,STR.CS17.01,,0,bin
bin,STR,Stock Room,STR,C,S17,02,STR.C,STR.CS17,STR.CS17.02,,0,bin
bin,STR,Stock Room,STR,C,S17,03,STR.C,STR.CS17,STR.CS17.03,,0,bin
bin,STR,Stock Room,STR,C,S17,04,STR.C,STR.CS17,STR.CS17.04,,0,bin
bin,STR,Stock Room,STR,C,S17,05,STR.C,STR.CS17,STR.CS17.05,,0,bin
bin,STR,Stock Room,STR,C,S179,01,STR.C,STR.CS179,STR.CS179.01,,0,bin
bin,STR,Stock Room,STR,C,S179,02,STR.C,STR.CS179,STR.CS179.02,,0,bin
bin,STR,Stock Room,STR,C,S179,03,STR.C,STR.CS179,STR.CS179.03,,0,bin
bin,STR,Stock Room,STR,C,S179,04,STR.C,STR.CS179,STR.CS179.04,,0,bin
bin,STR,Stock Room,STR,C,S18,01,STR.C,STR.CS18,STR.CS18.01,,0,bin
bin,STR,Stock Room,STR,C,S18,02,STR.C,STR.CS18,STR.CS18.02,,0,bin
bin,STR,Stock Room,STR,C,S18,03,STR.C,STR.CS18,STR.CS18.03,,0,bin
bin,STR,Stock Room,STR,C,S18,04,STR.C,STR.CS18,STR.CS18.04,,0,bin
bin,STR,Stock Room,STR,C,S18,05,STR.C,STR.CS18,STR.CS18.05,,0,bin
bin,STR,Stock Room,STR,C,S19,01,STR.C,STR.CS19,STR.CS19.01,,0,bin
bin,STR,Stock Room,STR,C,S19,02,STR.C,STR.CS19,STR.CS19.02,,0,bin
bin,STR,Stock Room,STR,C,S19,03,STR.C,STR.CS19,STR.CS19.03,,0,bin
bin,STR,Stock Room,STR,C,S19,04,STR.C,STR.CS19,STR.CS19.04,,0,bin
bin,STR,Stock Room,STR,C,S20,01,STR.C,STR.CS20,STR.CS20.01,,0,bin
bin,STR,Stock Room,STR,C,S20,02,STR.C,STR.CS20,STR.CS20.02,,0,bin
bin,STR,Stock Room,STR,C,S20,03,STR.C,STR.CS20,STR.CS20.03,,0,bin
bin,STR,Stock Room,STR,C,S20,04,STR.C,STR.CS20,STR.CS20.04,,0,bin
bin,STR,Stock Room,STR,C,S204,01,STR.C,STR.CS204,STR.CS204.01,,0,bin
bin,STR,Stock Room,STR,C,S204,02,STR.C,STR.CS204,STR.CS204.02,,0,bin
bin,STR,Stock Room,STR,C,S204,03,STR.C,STR.CS204,STR.CS204.03,,0,bin
bin,STR,Stock Room,STR,C,S204,04,STR.C,STR.CS204,STR.CS204.04,,0,bin
bin,STR,Stock Room,STR,C,S21,01,STR.C,STR.CS21,STR.CS21.01,,0,bin
bin,STR,Stock Room,STR,C,S21,02,STR.C,STR.CS21,STR.CS21.02,,0,bin
bin,STR,Stock Room,STR,C,S22,01,STR.C,STR.CS22,STR.CS22.01,,0,bin
bin,STR,Stock Room,STR,C,S22,02,STR.C,STR.CS22,STR.CS22.02,,0,bin
bin,STR,Stock Room,STR,C,S23,01,STR.C,STR.CS23,STR.CS23.01,,0,bin
bin,STR,Stock Room,STR,C,S23,02,STR.C,STR.CS23,STR.CS23.02,,0,bin
bin,STR,Stock Room,STR,C,S23,03,STR.C,STR.CS23,STR.CS23.03,,0,bin
bin,STR,Stock Room,STR,C,S23,04,STR.C,STR.CS23,STR.CS23.04,,0,bin
bin,STR,Stock Room,STR,C,S24,01,STR.C,STR.CS24,STR.CS24.01,,0,bin
bin,STR,Stock Room,STR,C,S24,02,STR.C,STR.CS24,STR.CS24.02,,0,bin
bin,STR,Stock Room,STR,C,S24,03,STR.C,STR.CS24,STR.CS24.03,,0,bin
bin,STR,Stock Room,STR,C,S24,04,STR.C,STR.CS24,STR.CS24.04,,0,bin
bin,STR,Stock Room,STR,C,S25,01,STR.C,STR.CS25,STR.CS25.01,,0,bin
bin,STR,Stock Room,STR,C,S25,02,STR.C,STR.CS25,STR.CS25.02,,0,bin
bin,STR,Stock Room,STR,C,S25,03,STR.C,STR.CS25,STR.CS25.03,,0,bin
bin,STR,Stock Room,STR,C,S25,04,STR.C,STR.CS25,STR.CS25.04,,0,bin
bin,STR,Stock Room,STR,C,S26,01,STR.C,STR.CS26,STR.CS26.01,,0,bin
bin,STR,Stock Room,STR,C,S26,02,STR.C,STR.CS26,STR.CS26.02,,0,bin
bin,STR,Stock Room,STR,C,S26,03,STR.C,STR.CS26,STR.CS26.03,,0,bin
bin,STR,Stock Room,STR,C,S26,04,STR.C,STR.CS26,STR.CS26.04,,0,bin
bin,STR,Stock Room,STR,C,S27,01,STR.C,STR.CS27,STR.CS27.01,,0,bin
bin,STR,Stock Room,STR,C,S27,02,STR.C,STR.CS27,STR.CS27.02,,0,bin
bin,STR,Stock Room,STR,C,S27,03,STR.C,STR.CS27,STR.CS27.03,,0,bin
bin,STR,Stock Room,STR,C,S28,01,STR.C,STR.CS28,STR.CS28.01,,0,bin
bin,STR,Stock Room,STR,C,S28,02,STR.C,STR.CS28,STR.CS28.02,,0,bin
bin,STR,Stock Room,STR,C,S28,03,STR.C,STR.CS28,STR.CS28.03,,0,bin
bin,STR,Stock Room,STR,C,S29,01,STR.C,STR.CS29,STR.CS29.01,,0,bin
bin,STR,Stock Room,STR,C,S29,02,STR.C,STR.CS29,STR.CS29.02,,0,bin
bin,STR,Stock Room,STR,C,S29,03,STR.C,STR.CS29,STR.CS29.03,,0,bin
bin,STR,Stock Room,STR,C,S30,01,STR.C,STR.CS30,STR.CS30.01,,0,bin
bin,STR,Stock Room,STR,C,S30,02,STR.C,STR.CS30,STR.CS30.02,,0,bin
bin,STR,Stock Room,STR,C,S30,03,STR.C,STR.CS30,STR.CS30.03,,0,bin
bin,STR,Stock Room,STR,C,S31,01,STR.C,STR.CS31,STR.CS31.01,,0,bin
bin,STR,Stock Room,STR,C,S31,02,STR.C,STR.CS31,STR.CS31.02,,0,bin
bin,STR,Stock Room,STR,C,S31,03,STR.C,STR.CS31,STR.CS31.03,,0,bin
bin,STR,Stock Room,STR,C,S31,04,STR.C,STR.CS31,STR.CS31.04,,0,bin
bin,STR,Stock Room,STR,C,S31,05,STR.C,STR.CS31,STR.CS31.05,,0,bin
bin,STR,Stock Room,STR,C,S31,06,STR.C,STR.CS31,STR.CS31.06,,0,bin
bin,STR,Stock Room,STR,C,S31,07,STR.C,STR.CS31,STR.CS31.07,,0,bin
bin,STR,Stock Room,STR,C,S31,08,STR.C,STR.CS31,STR.CS31.08,,0,bin
bin,STR,Stock Room,STR,D,S017,01,STR.D,STR.DS017,STR.DS017.01,BTRC,949,bin
bin,STR,Stock Room,STR,D,S017,02,STR.D,STR.DS017,STR.DS017.02,BYLF,999,bin
bin,STR,Stock Room,STR,D,S017,03,STR.D,STR.DS017,STR.DS017.03,BYMF,999,bin
bin,STR,Stock Room,STR,D,S017,04,STR.D,STR.DS017,STR.DS017.04,BYMF,999,bin
bin,STR,Stock Room,STR,D,S042,01,STR.D,STR.DS042,STR.DS042.01,DDPD,999,bin
bin,STR,Stock Room,STR,D,S042,02,STR.D,STR.DS042,STR.DS042.02,DGWB,999,bin
bin,STR,Stock Room,STR,D,S042,03,STR.D,STR.DS042,STR.DS042.03,DHNI,999,bin
bin,STR,Stock Room,STR,D,S042,04,STR.D,STR.DS042,STR.DS042.04,DHNI,999,bin
bin,STR,Stock Room,STR,D,S067,01,STR.D,STR.DS067,STR.DS067.01,IRJW,999,bin
bin,STR,Stock Room,STR,D,S067,02,STR.D,STR.DS067,STR.DS067.02,IRJW,999,bin
bin,STR,Stock Room,STR,D,S067,03,STR.D,STR.DS067,STR.DS067.03,IRKF,999,bin
bin,STR,Stock Room,STR,D,S067,04,STR.D,STR.DS067,STR.DS067.04,IRKF,999,bin
bin,STR,Stock Room,STR,D,S092,01,STR.D,STR.DS092,STR.DS092.01,MMPD,999,bin
bin,STR,Stock Room,STR,D,S092,02,STR.D,STR.DS092,STR.DS092.02,MMPS,999,bin
bin,STR,Stock Room,STR,D,S092,03,STR.D,STR.DS092,STR.DS092.03,MMRK,999,bin
bin,STR,Stock Room,STR,D,S092,04,STR.D,STR.DS092,STR.DS092.04,MMRK,999,bin
bin,STR,Stock Room,STR,D,S117,01,STR.D,STR.DS117,STR.DS117.01,RCWP,999,bin
bin,STR,Stock Room,STR,D,S117,02,STR.D,STR.DS117,STR.DS117.02,RCWP,999,bin
bin,STR,Stock Room,STR,D,S117,03,STR.D,STR.DS117,STR.DS117.03,RCWP,999,bin
bin,STR,Stock Room,STR,D,S117,04,STR.D,STR.DS117,STR.DS117.04,RFLW,999,bin
bin,STR,Stock Room,STR,D,S142,01,STR.D,STR.DS142,STR.DS142.01,WGCK,999,bin
bin,STR,Stock Room,STR,D,S142,02,STR.D,STR.DS142,STR.DS142.02,WGCK,999,bin
bin,STR,Stock Room,STR,D,S142,03,STR.D,STR.DS142,STR.DS142.03,WGCK,999,bin
bin,STR,Stock Room,STR,D,S142,04,STR.D,STR.DS142,STR.DS142.04,WGLD,999,bin
bin,STR,Stock Room,STR,D,S167,01,STR.D,STR.DS167,STR.DS167.01,,0,bin
bin,STR,Stock Room,STR,D,S167,02,STR.D,STR.DS167,STR.DS167.02,,0,bin
bin,STR,Stock Room,STR,D,S167,03,STR.D,STR.DS167,STR.DS167.03,,0,bin
bin,STR,Stock Room,STR,D,S167,04,STR.D,STR.DS167,STR.DS167.04,,0,bin
bin,STR,Stock Room,STR,D,S192,01,STR.D,STR.DS192,STR.DS192.01,,0,bin
bin,STR,Stock Room,STR,D,S192,02,STR.D,STR.DS192,STR.DS192.02,,0,bin
bin,STR,Stock Room,STR,D,S192,03,STR.D,STR.DS192,STR.DS192.03,,0,bin
bin,STR,Stock Room,STR,D,S192,04,STR.D,STR.DS192,STR.DS192.04,,0,bin
bin,STR,Stock Room,STR,E,S013,01,STR.E,STR.ES013,STR.ES013.01,,0,bin
bin,STR,Stock Room,STR,E,S013,02,STR.E,STR.ES013,STR.ES013.02,,0,bin
bin,STR,Stock Room,STR,E,S013,03,STR.E,STR.ES013,STR.ES013.03,,0,bin
bin,STR,Stock Room,STR,E,S013,04,STR.E,STR.ES013,STR.ES013.04,,0,bin
bin,STR,Stock Room,STR,E,S038,01,STR.E,STR.ES038,STR.ES038.01,,0,bin
bin,STR,Stock Room,STR,E,S038,02,STR.E,STR.ES038,STR.ES038.02,,0,bin
bin,STR,Stock Room,STR,E,S038,03,STR.E,STR.ES038,STR.ES038.03,,0,bin
bin,STR,Stock Room,STR,E,S038,04,STR.E,STR.ES038,STR.ES038.04,,0,bin
bin,STR,Stock Room,STR,E,S063,01,STR.E,STR.ES063,STR.ES063.01,,0,bin
bin,STR,Stock Room,STR,E,S063,02,STR.E,STR.ES063,STR.ES063.02,,0,bin
bin,STR,Stock Room,STR,E,S063,03,STR.E,STR.ES063,STR.ES063.03,,0,bin
bin,STR,Stock Room,STR,E,S063,04,STR.E,STR.ES063,STR.ES063.04,,0,bin
bin,STR,Stock Room,STR,E,S088,01,STR.E,STR.ES088,STR.ES088.01,,0,bin
bin,STR,Stock Room,STR,E,S088,02,STR.E,STR.ES088,STR.ES088.02,,0,bin
bin,STR,Stock Room,STR,E,S088,03,STR.E,STR.ES088,STR.ES088.03,,0,bin
bin,STR,Stock Room,STR,E,S088,04,STR.E,STR.ES088,STR.ES088.04,,0,bin
bin,STR,Stock Room,STR,E,S113,01,STR.E,STR.ES113,STR.ES113.01,,0,bin
bin,STR,Stock Room,STR,E,S113,02,STR.E,STR.ES113,STR.ES113.02,,0,bin
bin,STR,Stock Room,STR,E,S113,03,STR.E,STR.ES113,STR.ES113.03,,0,bin
bin,STR,Stock Room,STR,E,S113,04,STR.E,STR.ES113,STR.ES113.04,,0,bin
bin,STR,Stock Room,STR,E,S138,01,STR.E,STR.ES138,STR.ES138.01,,0,bin
bin,STR,Stock Room,STR,E,S138,02,STR.E,STR.ES138,STR.ES138.02,,0,bin
bin,STR,Stock Room,STR,E,S138,03,STR.E,STR.ES138,STR.ES138.03,,0,bin
bin,STR,Stock Room,STR,E,S138,04,STR.E,STR.ES138,STR.ES138.04,,0,bin
bin,STR,Stock Room,STR,E,S163,01,STR.E,STR.ES163,STR.ES163.01,,0,bin
bin,STR,Stock Room,STR,E,S163,02,STR.E,STR.ES163,STR.ES163.02,,0,bin
bin,STR,Stock Room,STR,E,S163,03,STR.E,STR.ES163,STR.ES163.03,,0,bin
bin,STR,Stock Room,STR,E,S163,04,STR.E,STR.ES163,STR.ES163.04,,0,bin
bin,STR,Stock Room,STR,E,S188,01,STR.E,STR.ES188,STR.ES188.01,,0,bin
bin,STR,Stock Room,STR,E,S188,02,STR.E,STR.ES188,STR.ES188.02,,0,bin
bin,STR,Stock Room,STR,E,S188,03,STR.E,STR.ES188,STR.ES188.03,,0,bin
bin,STR,Stock Room,STR,E,S188,04,STR.E,STR.ES188,STR.ES188.04,,0,bin
bin,STR,Stock Room,STR,F,S003,01,STR.F,STR.FS003,STR.FS003.01,,0,bin
bin,STR,Stock Room,STR,F,S003,02,STR.F,STR.FS003,STR.FS003.02,,0,bin
bin,STR,Stock Room,STR,F,S003,03,STR.F,STR.FS003,STR.FS003.03,,0,bin
bin,STR,Stock Room,STR,F,S003,04,STR.F,STR.FS003,STR.FS003.04,,0,bin
bin,STR,Stock Room,STR,F,S028,01,STR.F,STR.FS028,STR.FS028.01,,0,bin
bin,STR,Stock Room,STR,F,S028,02,STR.F,STR.FS028,STR.FS028.02,,0,bin
bin,STR,Stock Room,STR,F,S028,03,STR.F,STR.FS028,STR.FS028.03,,0,bin
bin,STR,Stock Room,STR,F,S028,04,STR.F,STR.FS028,STR.FS028.04,,0,bin
bin,STR,Stock Room,STR,F,S053,01,STR.F,STR.FS053,STR.FS053.01,,0,bin
bin,STR,Stock Room,STR,F,S053,02,STR.F,STR.FS053,STR.FS053.02,,0,bin
bin,STR,Stock Room,STR,F,S053,03,STR.F,STR.FS053,STR.FS053.03,,0,bin
bin,STR,Stock Room,STR,F,S053,04,STR.F,STR.FS053,STR.FS053.04,,0,bin
bin,STR,Stock Room,STR,F,S078,01,STR.F,STR.FS078,STR.FS078.01,,0,bin
bin,STR,Stock Room,STR,F,S078,02,STR.F,STR.FS078,STR.FS078.02,,0,bin
bin,STR,Stock Room,STR,F,S078,03,STR.F,STR.FS078,STR.FS078.03,,0,bin
bin,STR,Stock Room,STR,F,S078,04,STR.F,STR.FS078,STR.FS078.04,,0,bin
bin,STR,Stock Room,STR,F,S103,01,STR.F,STR.FS103,STR.FS103.01,,0,bin
bin,STR,Stock Room,STR,F,S103,02,STR.F,STR.FS103,STR.FS103.02,,0,bin
bin,STR,Stock Room,STR,F,S103,03,STR.F,STR.FS103,STR.FS103.03,,0,bin
bin,STR,Stock Room,STR,F,S103,04,STR.F,STR.FS103,STR.FS103.04,,0,bin
bin,STR,Stock Room,STR,F,S128,01,STR.F,STR.FS128,STR.FS128.01,,0,bin
bin,STR,Stock Room,STR,F,S128,02,STR.F,STR.FS128,STR.FS128.02,,0,bin
bin,STR,Stock Room,STR,F,S128,03,STR.F,STR.FS128,STR.FS128.03,,0,bin
bin,STR,Stock Room,STR,F,S128,04,STR.F,STR.FS128,STR.FS128.04,,0,bin
bin,STR,Stock Room,STR,F,S153,01,STR.F,STR.FS153,STR.FS153.01,,0,bin
bin,STR,Stock Room,STR,F,S153,02,STR.F,STR.FS153,STR.FS153.02,,0,bin
bin,STR,Stock Room,STR,F,S153,03,STR.F,STR.FS153,STR.FS153.03,,0,bin
bin,STR,Stock Room,STR,F,S153,04,STR.F,STR.FS153,STR.FS153.04,,0,bin
bin,STR,Stock Room,STR,F,S178,01,STR.F,STR.FS178,STR.FS178.01,,0,bin
bin,STR,Stock Room,STR,F,S178,02,STR.F,STR.FS178,STR.FS178.02,,0,bin
bin,STR,Stock Room,STR,F,S178,03,STR.F,STR.FS178,STR.FS178.03,,0,bin
bin,STR,Stock Room,STR,F,S178,04,STR.F,STR.FS178,STR.FS178.04,,0,bin
bin,STR,Stock Room,STR,F,S203,01,STR.F,STR.FS203,STR.FS203.01,,0,bin
bin,STR,Stock Room,STR,F,S203,02,STR.F,STR.FS203,STR.FS203.02,,0,bin
bin,STR,Stock Room,STR,F,S203,03,STR.F,STR.FS203,STR.FS203.03,,0,bin
bin,STR,Stock Room,STR,F,S203,04,STR.F,STR.FS203,STR.FS203.04,,0,bin
bin,STR,Stock Room,STR,FG,01,01,Z.STR.FG,STR.FG.01,STR.FG.01.01,,0,bin
bin,STR,Stock Room,STR,G,S024,01,STR.G,STR.GS024,STR.GS024.01,,0,bin
bin,STR,Stock Room,STR,G,S024,02,STR.G,STR.GS024,STR.GS024.02,,0,bin
bin,STR,Stock Room,STR,G,S024,03,STR.G,STR.GS024,STR.GS024.03,,0,bin
bin,STR,Stock Room,STR,G,S024,04,STR.G,STR.GS024,STR.GS024.04,,0,bin
bin,STR,Stock Room,STR,G,S049,01,STR.G,STR.GS049,STR.GS049.01,,0,bin
bin,STR,Stock Room,STR,G,S049,02,STR.G,STR.GS049,STR.GS049.02,,0,bin
bin,STR,Stock Room,STR,G,S049,03,STR.G,STR.GS049,STR.GS049.03,,0,bin
bin,STR,Stock Room,STR,G,S049,04,STR.G,STR.GS049,STR.GS049.04,,0,bin
bin,STR,Stock Room,STR,G,S074,01,STR.G,STR.GS074,STR.GS074.01,,0,bin
bin,STR,Stock Room,STR,G,S074,02,STR.G,STR.GS074,STR.GS074.02,,0,bin
bin,STR,Stock Room,STR,G,S074,03,STR.G,STR.GS074,STR.GS074.03,,0,bin
bin,STR,Stock Room,STR,G,S074,04,STR.G,STR.GS074,STR.GS074.04,,0,bin
bin,STR,Stock Room,STR,G,S099,01,STR.G,STR.GS099,STR.GS099.01,,0,bin
bin,STR,Stock Room,STR,G,S099,02,STR.G,STR.GS099,STR.GS099.02,,0,bin
bin,STR,Stock Room,STR,G,S099,03,STR.G,STR.GS099,STR.GS099.03,,0,bin
bin,STR,Stock Room,STR,G,S099,04,STR.G,STR.GS099,STR.GS099.04,,0,bin
bin,STR,Stock Room,STR,G,S124,01,STR.G,STR.GS124,STR.GS124.01,,0,bin
bin,STR,Stock Room,STR,G,S124,02,STR.G,STR.GS124,STR.GS124.02,,0,bin
bin,STR,Stock Room,STR,G,S124,03,STR.G,STR.GS124,STR.GS124.03,,0,bin
bin,STR,Stock Room,STR,G,S124,04,STR.G,STR.GS124,STR.GS124.04,,0,bin
bin,STR,Stock Room,STR,G,S149,01,STR.G,STR.GS149,STR.GS149.01,,0,bin
bin,STR,Stock Room,STR,G,S149,02,STR.G,STR.GS149,STR.GS149.02,,0,bin
bin,STR,Stock Room,STR,G,S149,03,STR.G,STR.GS149,STR.GS149.03,,0,bin
bin,STR,Stock Room,STR,G,S149,04,STR.G,STR.GS149,STR.GS149.04,,0,bin
bin,STR,Stock Room,STR,G,S174,01,STR.G,STR.GS174,STR.GS174.01,,0,bin
bin,STR,Stock Room,STR,G,S174,02,STR.G,STR.GS174,STR.GS174.02,,0,bin
bin,STR,Stock Room,STR,G,S174,03,STR.G,STR.GS174,STR.GS174.03,,0,bin
bin,STR,Stock Room,STR,G,S174,04,STR.G,STR.GS174,STR.GS174.04,,0,bin
bin,STR,Stock Room,STR,G,S199,01,STR.G,STR.GS199,STR.GS199.01,,0,bin
bin,STR,Stock Room,STR,G,S199,02,STR.G,STR.GS199,STR.GS199.02,,0,bin
bin,STR,Stock Room,STR,G,S199,03,STR.G,STR.GS199,STR.GS199.03,,0,bin
bin,STR,Stock Room,STR,G,S199,04,STR.G,STR.GS199,STR.GS199.04,,0,bin
bin,STR,Stock Room,STR,H,S007,01,STR.H,STR.HS007,STR.HS007.01,,0,bin
bin,STR,Stock Room,STR,H,S007,02,STR.H,STR.HS007,STR.HS007.02,,0,bin
bin,STR,Stock Room,STR,H,S007,03,STR.H,STR.HS007,STR.HS007.03,,0,bin
bin,STR,Stock Room,STR,H,S007,04,STR.H,STR.HS007,STR.HS007.04,,0,bin
bin,STR,Stock Room,STR,H,S032,01,STR.H,STR.HS032,STR.HS032.01,,0,bin
bin,STR,Stock Room,STR,H,S032,02,STR.H,STR.HS032,STR.HS032.02,,0,bin
bin,STR,Stock Room,STR,H,S032,03,STR.H,STR.HS032,STR.HS032.03,,0,bin
bin,STR,Stock Room,STR,H,S032,04,STR.H,STR.HS032,STR.HS032.04,,0,bin
bin,STR,Stock Room,STR,H,S057,01,STR.H,STR.HS057,STR.HS057.01,,0,bin
bin,STR,Stock Room,STR,H,S057,02,STR.H,STR.HS057,STR.HS057.02,,0,bin
bin,STR,Stock Room,STR,H,S057,03,STR.H,STR.HS057,STR.HS057.03,,0,bin
bin,STR,Stock Room,STR,H,S057,04,STR.H,STR.HS057,STR.HS057.04,,0,bin
bin,STR,Stock Room,STR,H,S082,01,STR.H,STR.HS082,STR.HS082.01,,0,bin
bin,STR,Stock Room,STR,H,S082,02,STR.H,STR.HS082,STR.HS082.02,,0,bin
bin,STR,Stock Room,STR,H,S082,03,STR.H,STR.HS082,STR.HS082.03,,0,bin
bin,STR,Stock Room,STR,H,S082,04,STR.H,STR.HS082,STR.HS082.04,,0,bin
bin,STR,Stock Room,STR,H,S107,01,STR.H,STR.HS107,STR.HS107.01,,0,bin
bin,STR,Stock Room,STR,H,S107,02,STR.H,STR.HS107,STR.HS107.02,,0,bin
bin,STR,Stock Room,STR,H,S107,03,STR.H,STR.HS107,STR.HS107.03,,0,bin
bin,STR,Stock Room,STR,H,S107,04,STR.H,STR.HS107,STR.HS107.04,,0,bin
bin,STR,Stock Room,STR,H,S132,01,STR.H,STR.HS132,STR.HS132.01,,0,bin
bin,STR,Stock Room,STR,H,S132,02,STR.H,STR.HS132,STR.HS132.02,,0,bin
bin,STR,Stock Room,STR,H,S132,03,STR.H,STR.HS132,STR.HS132.03,,0,bin
bin,STR,Stock Room,STR,H,S132,04,STR.H,STR.HS132,STR.HS132.04,,0,bin
bin,STR,Stock Room,STR,H,S157,01,STR.H,STR.HS157,STR.HS157.01,,0,bin
bin,STR,Stock Room,STR,H,S157,02,STR.H,STR.HS157,STR.HS157.02,,0,bin
bin,STR,Stock Room,STR,H,S157,03,STR.H,STR.HS157,STR.HS157.03,,0,bin
bin,STR,Stock Room,STR,H,S157,04,STR.H,STR.HS157,STR.HS157.04,,0,bin
bin,STR,Stock Room,STR,H,S182,01,STR.H,STR.HS182,STR.HS182.01,,0,bin
bin,STR,Stock Room,STR,H,S182,02,STR.H,STR.HS182,STR.HS182.02,,0,bin
bin,STR,Stock Room,STR,H,S182,03,STR.H,STR.HS182,STR.HS182.03,,0,bin
bin,STR,Stock Room,STR,H,S182,04,STR.H,STR.HS182,STR.HS182.04,,0,bin
bin,STR,Stock Room,STR,H,S207,01,STR.H,STR.HS207,STR.HS207.01,,0,bin
bin,STR,Stock Room,STR,H,S207,02,STR.H,STR.HS207,STR.HS207.02,,0,bin
bin,STR,Stock Room,STR,H,S207,03,STR.H,STR.HS207,STR.HS207.03,,0,bin
bin,STR,Stock Room,STR,H,S207,04,STR.H,STR.HS207,STR.HS207.04,,0,bin
bin,STR,Stock Room,STR,I,S022,01,STR.I,STR.IS022,STR.IS022.01,,0,bin
bin,STR,Stock Room,STR,I,S022,02,STR.I,STR.IS022,STR.IS022.02,,0,bin
bin,STR,Stock Room,STR,I,S022,03,STR.I,STR.IS022,STR.IS022.03,,0,bin
bin,STR,Stock Room,STR,I,S022,04,STR.I,STR.IS022,STR.IS022.04,,0,bin
bin,STR,Stock Room,STR,I,S047,01,STR.I,STR.IS047,STR.IS047.01,,0,bin
bin,STR,Stock Room,STR,I,S047,02,STR.I,STR.IS047,STR.IS047.02,,0,bin
bin,STR,Stock Room,STR,I,S047,03,STR.I,STR.IS047,STR.IS047.03,,0,bin
bin,STR,Stock Room,STR,I,S047,04,STR.I,STR.IS047,STR.IS047.04,,0,bin
bin,STR,Stock Room,STR,I,S072,01,STR.I,STR.IS072,STR.IS072.01,,0,bin
bin,STR,Stock Room,STR,I,S072,02,STR.I,STR.IS072,STR.IS072.02,,0,bin
bin,STR,Stock Room,STR,I,S072,03,STR.I,STR.IS072,STR.IS072.03,,0,bin
bin,STR,Stock Room,STR,I,S072,04,STR.I,STR.IS072,STR.IS072.04,,0,bin
bin,STR,Stock Room,STR,I,S097,01,STR.I,STR.IS097,STR.IS097.01,,0,bin
bin,STR,Stock Room,STR,I,S097,02,STR.I,STR.IS097,STR.IS097.02,,0,bin
bin,STR,Stock Room,STR,I,S097,03,STR.I,STR.IS097,STR.IS097.03,,0,bin
bin,STR,Stock Room,STR,I,S097,04,STR.I,STR.IS097,STR.IS097.04,,0,bin
bin,STR,Stock Room,STR,I,S122,01,STR.I,STR.IS122,STR.IS122.01,,0,bin
bin,STR,Stock Room,STR,I,S122,02,STR.I,STR.IS122,STR.IS122.02,,0,bin
bin,STR,Stock Room,STR,I,S122,03,STR.I,STR.IS122,STR.IS122.03,,0,bin
bin,STR,Stock Room,STR,I,S122,04,STR.I,STR.IS122,STR.IS122.04,,0,bin
bin,STR,Stock Room,STR,I,S147,01,STR.I,STR.IS147,STR.IS147.01,,0,bin
bin,STR,Stock Room,STR,I,S147,02,STR.I,STR.IS147,STR.IS147.02,,0,bin
bin,STR,Stock Room,STR,I,S147,03,STR.I,STR.IS147,STR.IS147.03,,0,bin
bin,STR,Stock Room,STR,I,S147,04,STR.I,STR.IS147,STR.IS147.04,,0,bin
bin,STR,Stock Room,STR,I,S172,01,STR.I,STR.IS172,STR.IS172.01,,0,bin
bin,STR,Stock Room,STR,I,S172,02,STR.I,STR.IS172,STR.IS172.02,,0,bin
bin,STR,Stock Room,STR,I,S172,03,STR.I,STR.IS172,STR.IS172.03,,0,bin
bin,STR,Stock Room,STR,I,S172,04,STR.I,STR.IS172,STR.IS172.04,,0,bin
bin,STR,Stock Room,STR,I,S197,01,STR.I,STR.IS197,STR.IS197.01,,0,bin
bin,STR,Stock Room,STR,I,S197,02,STR.I,STR.IS197,STR.IS197.02,,0,bin
bin,STR,Stock Room,STR,I,S197,03,STR.I,STR.IS197,STR.IS197.03,,0,bin
bin,STR,Stock Room,STR,I,S197,04,STR.I,STR.IS197,STR.IS197.04,,0,bin
bin,STR,Stock Room,STR,J,S025,01,STR.J,STR.JS025,STR.JS025.01,,0,bin
bin,STR,Stock Room,STR,J,S025,02,STR.J,STR.JS025,STR.JS025.02,,0,bin
bin,STR,Stock Room,STR,J,S025,03,STR.J,STR.JS025,STR.JS025.03,,0,bin
bin,STR,Stock Room,STR,J,S025,04,STR.J,STR.JS025,STR.JS025.04,,0,bin
bin,STR,Stock Room,STR,J,S050,01,STR.J,STR.JS050,STR.JS050.01,,0,bin
bin,STR,Stock Room,STR,J,S050,02,STR.J,STR.JS050,STR.JS050.02,,0,bin
bin,STR,Stock Room,STR,J,S050,03,STR.J,STR.JS050,STR.JS050.03,,0,bin
bin,STR,Stock Room,STR,J,S050,04,STR.J,STR.JS050,STR.JS050.04,,0,bin
bin,STR,Stock Room,STR,J,S075,01,STR.J,STR.JS075,STR.JS075.01,,0,bin
bin,STR,Stock Room,STR,J,S075,02,STR.J,STR.JS075,STR.JS075.02,,0,bin
bin,STR,Stock Room,STR,J,S075,03,STR.J,STR.JS075,STR.JS075.03,,0,bin
bin,STR,Stock Room,STR,J,S075,04,STR.J,STR.JS075,STR.JS075.04,,0,bin
bin,STR,Stock Room,STR,J,S100,01,STR.J,STR.JS100,STR.JS100.01,,0,bin
bin,STR,Stock Room,STR,J,S100,02,STR.J,STR.JS100,STR.JS100.02,,0,bin
bin,STR,Stock Room,STR,J,S100,03,STR.J,STR.JS100,STR.JS100.03,,0,bin
bin,STR,Stock Room,STR,J,S100,04,STR.J,STR.JS100,STR.JS100.04,,0,bin
bin,STR,Stock Room,STR,J,S125,01,STR.J,STR.JS125,STR.JS125.01,,0,bin
bin,STR,Stock Room,STR,J,S125,02,STR.J,STR.JS125,STR.JS125.02,,0,bin
bin,STR,Stock Room,STR,J,S125,03,STR.J,STR.JS125,STR.JS125.03,,0,bin
bin,STR,Stock Room,STR,J,S125,04,STR.J,STR.JS125,STR.JS125.04,,0,bin
bin,STR,Stock Room,STR,J,S150,01,STR.J,STR.JS150,STR.JS150.01,,0,bin
bin,STR,Stock Room,STR,J,S150,02,STR.J,STR.JS150,STR.JS150.02,,0,bin
bin,STR,Stock Room,STR,J,S150,03,STR.J,STR.JS150,STR.JS150.03,,0,bin
bin,STR,Stock Room,STR,J,S150,04,STR.J,STR.JS150,STR.JS150.04,,0,bin
bin,STR,Stock Room,STR,J,S175,01,STR.J,STR.JS175,STR.JS175.01,,0,bin
bin,STR,Stock Room,STR,J,S175,02,STR.J,STR.JS175,STR.JS175.02,,0,bin
bin,STR,Stock Room,STR,J,S175,03,STR.J,STR.JS175,STR.JS175.03,,0,bin
bin,STR,Stock Room,STR,J,S175,04,STR.J,STR.JS175,STR.JS175.04,,0,bin
bin,STR,Stock Room,STR,J,S200,01,STR.J,STR.JS200,STR.JS200.01,,0,bin
bin,STR,Stock Room,STR,J,S200,02,STR.J,STR.JS200,STR.JS200.02,,0,bin
bin,STR,Stock Room,STR,J,S200,03,STR.J,STR.JS200,STR.JS200.03,,0,bin
bin,STR,Stock Room,STR,J,S200,04,STR.J,STR.JS200,STR.JS200.04,,0,bin
bin,STR,Stock Room,STR,K,S023,01,STR.K,STR.KS023,STR.KS023.01,,0,bin
bin,STR,Stock Room,STR,K,S023,02,STR.K,STR.KS023,STR.KS023.02,,0,bin
bin,STR,Stock Room,STR,K,S023,03,STR.K,STR.KS023,STR.KS023.03,,0,bin
bin,STR,Stock Room,STR,K,S023,04,STR.K,STR.KS023,STR.KS023.04,,0,bin
bin,STR,Stock Room,STR,K,S048,01,STR.K,STR.KS048,STR.KS048.01,,0,bin
bin,STR,Stock Room,STR,K,S048,02,STR.K,STR.KS048,STR.KS048.02,,0,bin
bin,STR,Stock Room,STR,K,S048,03,STR.K,STR.KS048,STR.KS048.03,,0,bin
bin,STR,Stock Room,STR,K,S048,04,STR.K,STR.KS048,STR.KS048.04,,0,bin
bin,STR,Stock Room,STR,K,S073,01,STR.K,STR.KS073,STR.KS073.01,,0,bin
bin,STR,Stock Room,STR,K,S073,02,STR.K,STR.KS073,STR.KS073.02,,0,bin
bin,STR,Stock Room,STR,K,S073,03,STR.K,STR.KS073,STR.KS073.03,,0,bin
bin,STR,Stock Room,STR,K,S073,04,STR.K,STR.KS073,STR.KS073.04,,0,bin
bin,STR,Stock Room,STR,K,S098,01,STR.K,STR.KS098,STR.KS098.01,,0,bin
bin,STR,Stock Room,STR,K,S098,02,STR.K,STR.KS098,STR.KS098.02,,0,bin
bin,STR,Stock Room,STR,K,S098,03,STR.K,STR.KS098,STR.KS098.03,,0,bin
bin,STR,Stock Room,STR,K,S098,04,STR.K,STR.KS098,STR.KS098.04,,0,bin
bin,STR,Stock Room,STR,K,S123,01,STR.K,STR.KS123,STR.KS123.01,,0,bin
bin,STR,Stock Room,STR,K,S123,02,STR.K,STR.KS123,STR.KS123.02,,0,bin
bin,STR,Stock Room,STR,K,S123,03,STR.K,STR.KS123,STR.KS123.03,,0,bin
bin,STR,Stock Room,STR,K,S123,04,STR.K,STR.KS123,STR.KS123.04,,0,bin
bin,STR,Stock Room,STR,K,S148,01,STR.K,STR.KS148,STR.KS148.01,,0,bin
bin,STR,Stock Room,STR,K,S148,02,STR.K,STR.KS148,STR.KS148.02,,0,bin
bin,STR,Stock Room,STR,K,S148,03,STR.K,STR.KS148,STR.KS148.03,,0,bin
bin,STR,Stock Room,STR,K,S148,04,STR.K,STR.KS148,STR.KS148.04,,0,bin
bin,STR,Stock Room,STR,K,S173,01,STR.K,STR.KS173,STR.KS173.01,,0,bin
bin,STR,Stock Room,STR,K,S173,02,STR.K,STR.KS173,STR.KS173.02,,0,bin
bin,STR,Stock Room,STR,K,S173,03,STR.K,STR.KS173,STR.KS173.03,,0,bin
bin,STR,Stock Room,STR,K,S173,04,STR.K,STR.KS173,STR.KS173.04,,0,bin
bin,STR,Stock Room,STR,K,S198,01,STR.K,STR.KS198,STR.KS198.01,,0,bin
bin,STR,Stock Room,STR,K,S198,02,STR.K,STR.KS198,STR.KS198.02,,0,bin
bin,STR,Stock Room,STR,K,S198,03,STR.K,STR.KS198,STR.KS198.03,,0,bin
bin,STR,Stock Room,STR,K,S198,04,STR.K,STR.KS198,STR.KS198.04,,0,bin
bin,STR,Stock Room,STR,L,S009,01,STR.L,STR.LS009,STR.LS009.01,,0,bin
bin,STR,Stock Room,STR,L,S009,02,STR.L,STR.LS009,STR.LS009.02,,0,bin
bin,STR,Stock Room,STR,L,S009,03,STR.L,STR.LS009,STR.LS009.03,,0,bin
bin,STR,Stock Room,STR,L,S009,04,STR.L,STR.LS009,STR.LS009.04,,0,bin
bin,STR,Stock Room,STR,L,S034,01,STR.L,STR.LS034,STR.LS034.01,,0,bin
bin,STR,Stock Room,STR,L,S034,02,STR.L,STR.LS034,STR.LS034.02,,0,bin
bin,STR,Stock Room,STR,L,S034,03,STR.L,STR.LS034,STR.LS034.03,,0,bin
bin,STR,Stock Room,STR,L,S034,04,STR.L,STR.LS034,STR.LS034.04,,0,bin
bin,STR,Stock Room,STR,L,S059,01,STR.L,STR.LS059,STR.LS059.01,,0,bin
bin,STR,Stock Room,STR,L,S059,02,STR.L,STR.LS059,STR.LS059.02,,0,bin
bin,STR,Stock Room,STR,L,S059,03,STR.L,STR.LS059,STR.LS059.03,,0,bin
bin,STR,Stock Room,STR,L,S059,04,STR.L,STR.LS059,STR.LS059.04,,0,bin
bin,STR,Stock Room,STR,L,S084,01,STR.L,STR.LS084,STR.LS084.01,,0,bin
bin,STR,Stock Room,STR,L,S084,02,STR.L,STR.LS084,STR.LS084.02,,0,bin
bin,STR,Stock Room,STR,L,S084,03,STR.L,STR.LS084,STR.LS084.03,,0,bin
bin,STR,Stock Room,STR,L,S084,04,STR.L,STR.LS084,STR.LS084.04,,0,bin
bin,STR,Stock Room,STR,L,S109,01,STR.L,STR.LS109,STR.LS109.01,,0,bin
bin,STR,Stock Room,STR,L,S109,02,STR.L,STR.LS109,STR.LS109.02,,0,bin
bin,STR,Stock Room,STR,L,S109,03,STR.L,STR.LS109,STR.LS109.03,,0,bin
bin,STR,Stock Room,STR,L,S109,04,STR.L,STR.LS109,STR.LS109.04,,0,bin
bin,STR,Stock Room,STR,L,S134,01,STR.L,STR.LS134,STR.LS134.01,,0,bin
bin,STR,Stock Room,STR,L,S134,02,STR.L,STR.LS134,STR.LS134.02,,0,bin
bin,STR,Stock Room,STR,L,S134,03,STR.L,STR.LS134,STR.LS134.03,,0,bin
bin,STR,Stock Room,STR,L,S134,04,STR.L,STR.LS134,STR.LS134.04,,0,bin
bin,STR,Stock Room,STR,L,S159,01,STR.L,STR.LS159,STR.LS159.01,,0,bin
bin,STR,Stock Room,STR,L,S159,02,STR.L,STR.LS159,STR.LS159.02,,0,bin
bin,STR,Stock Room,STR,L,S159,03,STR.L,STR.LS159,STR.LS159.03,,0,bin
bin,STR,Stock Room,STR,L,S159,04,STR.L,STR.LS159,STR.LS159.04,,0,bin
bin,STR,Stock Room,STR,L,S184,01,STR.L,STR.LS184,STR.LS184.01,,0,bin
bin,STR,Stock Room,STR,L,S184,02,STR.L,STR.LS184,STR.LS184.02,,0,bin
bin,STR,Stock Room,STR,L,S184,03,STR.L,STR.LS184,STR.LS184.03,,0,bin
bin,STR,Stock Room,STR,L,S184,04,STR.L,STR.LS184,STR.LS184.04,,0,bin
bin,STR,Stock Room,STR,LINE,01,01,Z.STR.LINE,STR.LINE.01,STR.LINE.01.01,,0,bin
bin,STR,Stock Room,STR,M,S010,01,STR.M,STR.MS010,STR.MS010.01,,0,bin
bin,STR,Stock Room,STR,M,S010,02,STR.M,STR.MS010,STR.MS010.02,,0,bin
bin,STR,Stock Room,STR,M,S010,03,STR.M,STR.MS010,STR.MS010.03,,0,bin
bin,STR,Stock Room,STR,M,S010,04,STR.M,STR.MS010,STR.MS010.04,,0,bin
bin,STR,Stock Room,STR,M,S035,01,STR.M,STR.MS035,STR.MS035.01,,0,bin
bin,STR,Stock Room,STR,M,S035,02,STR.M,STR.MS035,STR.MS035.02,,0,bin
bin,STR,Stock Room,STR,M,S035,03,STR.M,STR.MS035,STR.MS035.03,,0,bin
bin,STR,Stock Room,STR,M,S035,04,STR.M,STR.MS035,STR.MS035.04,,0,bin
bin,STR,Stock Room,STR,M,S060,01,STR.M,STR.MS060,STR.MS060.01,,0,bin
bin,STR,Stock Room,STR,M,S060,02,STR.M,STR.MS060,STR.MS060.02,,0,bin
bin,STR,Stock Room,STR,M,S060,03,STR.M,STR.MS060,STR.MS060.03,,0,bin
bin,STR,Stock Room,STR,M,S060,04,STR.M,STR.MS060,STR.MS060.04,,0,bin
bin,STR,Stock Room,STR,M,S085,01,STR.M,STR.MS085,STR.MS085.01,,0,bin
bin,STR,Stock Room,STR,M,S085,02,STR.M,STR.MS085,STR.MS085.02,,0,bin
bin,STR,Stock Room,STR,M,S085,03,STR.M,STR.MS085,STR.MS085.03,,0,bin
bin,STR,Stock Room,STR,M,S085,04,STR.M,STR.MS085,STR.MS085.04,,0,bin
bin,STR,Stock Room,STR,M,S110,01,STR.M,STR.MS110,STR.MS110.01,,0,bin
bin,STR,Stock Room,STR,M,S110,02,STR.M,STR.MS110,STR.MS110.02,,0,bin
bin,STR,Stock Room,STR,M,S110,03,STR.M,STR.MS110,STR.MS110.03,,0,bin
bin,STR,Stock Room,STR,M,S110,04,STR.M,STR.MS110,STR.MS110.04,,0,bin
bin,STR,Stock Room,STR,M,S135,01,STR.M,STR.MS135,STR.MS135.01,,0,bin
bin,STR,Stock Room,STR,M,S135,02,STR.M,STR.MS135,STR.MS135.02,,0,bin
bin,STR,Stock Room,STR,M,S135,03,STR.M,STR.MS135,STR.MS135.03,,0,bin
bin,STR,Stock Room,STR,M,S135,04,STR.M,STR.MS135,STR.MS135.04,,0,bin
bin,STR,Stock Room,STR,M,S160,01,STR.M,STR.MS160,STR.MS160.01,,0,bin
bin,STR,Stock Room,STR,M,S160,02,STR.M,STR.MS160,STR.MS160.02,,0,bin
bin,STR,Stock Room,STR,M,S160,03,STR.M,STR.MS160,STR.MS160.03,,0,bin
bin,STR,Stock Room,STR,M,S160,04,STR.M,STR.MS160,STR.MS160.04,,0,bin
bin,STR,Stock Room,STR,M,S185,01,STR.M,STR.MS185,STR.MS185.01,,0,bin
bin,STR,Stock Room,STR,M,S185,02,STR.M,STR.MS185,STR.MS185.02,,0,bin
bin,STR,Stock Room,STR,M,S185,03,STR.M,STR.MS185,STR.MS185.03,,0,bin
bin,STR,Stock Room,STR,M,S185,04,STR.M,STR.MS185,STR.MS185.04,,0,bin
bin,STR,Stock Room,STR,N,S012,01,STR.N,STR.NS012,STR.NS012.01,,0,bin
bin,STR,Stock Room,STR,N,S012,02,STR.N,STR.NS012,STR.NS012.02,,0,bin
bin,STR,Stock Room,STR,N,S012,03,STR.N,STR.NS012,STR.NS012.03,,0,bin
bin,STR,Stock Room,STR,N,S012,04,STR.N,STR.NS012,STR.NS012.04,,0,bin
bin,STR,Stock Room,STR,N,S037,01,STR.N,STR.NS037,STR.NS037.01,,0,bin
bin,STR,Stock Room,STR,N,S037,02,STR.N,STR.NS037,STR.NS037.02,,0,bin
bin,STR,Stock Room,STR,N,S037,03,STR.N,STR.NS037,STR.NS037.03,,0,bin
bin,STR,Stock Room,STR,N,S037,04,STR.N,STR.NS037,STR.NS037.04,,0,bin
bin,STR,Stock Room,STR,N,S062,01,STR.N,STR.NS062,STR.NS062.01,,0,bin
bin,STR,Stock Room,STR,N,S062,02,STR.N,STR.NS062,STR.NS062.02,,0,bin
bin,STR,Stock Room,STR,N,S062,03,STR.N,STR.NS062,STR.NS062.03,,0,bin
bin,STR,Stock Room,STR,N,S062,04,STR.N,STR.NS062,STR.NS062.04,,0,bin
bin,STR,Stock Room,STR,N,S087,01,STR.N,STR.NS087,STR.NS087.01,,0,bin
bin,STR,Stock Room,STR,N,S087,02,STR.N,STR.NS087,STR.NS087.02,,0,bin
bin,STR,Stock Room,STR,N,S087,03,STR.N,STR.NS087,STR.NS087.03,,0,bin
bin,STR,Stock Room,STR,N,S087,04,STR.N,STR.NS087,STR.NS087.04,,0,bin
bin,STR,Stock Room,STR,N,S112,01,STR.N,STR.NS112,STR.NS112.01,,0,bin
bin,STR,Stock Room,STR,N,S112,02,STR.N,STR.NS112,STR.NS112.02,,0,bin
bin,STR,Stock Room,STR,N,S112,03,STR.N,STR.NS112,STR.NS112.03,,0,bin
bin,STR,Stock Room,STR,N,S112,04,STR.N,STR.NS112,STR.NS112.04,,0,bin
bin,STR,Stock Room,STR,N,S137,01,STR.N,STR.NS137,STR.NS137.01,,0,bin
bin,STR,Stock Room,STR,N,S137,02,STR.N,STR.NS137,STR.NS137.02,,0,bin
bin,STR,Stock Room,STR,N,S137,03,STR.N,STR.NS137,STR.NS137.03,,0,bin
bin,STR,Stock Room,STR,N,S137,04,STR.N,STR.NS137,STR.NS137.04,,0,bin
bin,STR,Stock Room,STR,N,S162,01,STR.N,STR.NS162,STR.NS162.01,,0,bin
bin,STR,Stock Room,STR,N,S162,02,STR.N,STR.NS162,STR.NS162.02,,0,bin
bin,STR,Stock Room,STR,N,S162,03,STR.N,STR.NS162,STR.NS162.03,,0,bin
bin,STR,Stock Room,STR,N,S162,04,STR.N,STR.NS162,STR.NS162.04,,0,bin
bin,STR,Stock Room,STR,N,S187,01,STR.N,STR.NS187,STR.NS187.01,,0,bin
bin,STR,Stock Room,STR,N,S187,02,STR.N,STR.NS187,STR.NS187.02,,0,bin
bin,STR,Stock Room,STR,N,S187,03,STR.N,STR.NS187,STR.NS187.03,,0,bin
bin,STR,Stock Room,STR,N,S187,04,STR.N,STR.NS187,STR.NS187.04,,0,bin
bin,STR,Stock Room,STR,O,S020,01,STR.O,STR.OS020,STR.OS020.01,,0,bin
bin,STR,Stock Room,STR,O,S020,02,STR.O,STR.OS020,STR.OS020.02,,0,bin
bin,STR,Stock Room,STR,O,S020,03,STR.O,STR.OS020,STR.OS020.03,,0,bin
bin,STR,Stock Room,STR,O,S020,04,STR.O,STR.OS020,STR.OS020.04,,0,bin
bin,STR,Stock Room,STR,O,S045,01,STR.O,STR.OS045,STR.OS045.01,,0,bin
bin,STR,Stock Room,STR,O,S045,02,STR.O,STR.OS045,STR.OS045.02,,0,bin
bin,STR,Stock Room,STR,O,S045,03,STR.O,STR.OS045,STR.OS045.03,,0,bin
bin,STR,Stock Room,STR,O,S045,04,STR.O,STR.OS045,STR.OS045.04,,0,bin
bin,STR,Stock Room,STR,O,S070,01,STR.O,STR.OS070,STR.OS070.01,,0,bin
bin,STR,Stock Room,STR,O,S070,02,STR.O,STR.OS070,STR.OS070.02,,0,bin
bin,STR,Stock Room,STR,O,S070,03,STR.O,STR.OS070,STR.OS070.03,,0,bin
bin,STR,Stock Room,STR,O,S070,04,STR.O,STR.OS070,STR.OS070.04,,0,bin
bin,STR,Stock Room,STR,O,S095,01,STR.O,STR.OS095,STR.OS095.01,,0,bin
bin,STR,Stock Room,STR,O,S095,02,STR.O,STR.OS095,STR.OS095.02,,0,bin
bin,STR,Stock Room,STR,O,S095,03,STR.O,STR.OS095,STR.OS095.03,,0,bin
bin,STR,Stock Room,STR,O,S095,04,STR.O,STR.OS095,STR.OS095.04,,0,bin
bin,STR,Stock Room,STR,O,S120,01,STR.O,STR.OS120,STR.OS120.01,,0,bin
bin,STR,Stock Room,STR,O,S120,02,STR.O,STR.OS120,STR.OS120.02,,0,bin
bin,STR,Stock Room,STR,O,S120,03,STR.O,STR.OS120,STR.OS120.03,,0,bin
bin,STR,Stock Room,STR,O,S120,04,STR.O,STR.OS120,STR.OS120.04,,0,bin
bin,STR,Stock Room,STR,O,S145,01,STR.O,STR.OS145,STR.OS145.01,,0,bin
bin,STR,Stock Room,STR,O,S145,02,STR.O,STR.OS145,STR.OS145.02,,0,bin
bin,STR,Stock Room,STR,O,S145,03,STR.O,STR.OS145,STR.OS145.03,,0,bin
bin,STR,Stock Room,STR,O,S145,04,STR.O,STR.OS145,STR.OS145.04,,0,bin
bin,STR,Stock Room,STR,O,S170,01,STR.O,STR.OS170,STR.OS170.01,,0,bin
bin,STR,Stock Room,STR,O,S170,02,STR.O,STR.OS170,STR.OS170.02,,0,bin
bin,STR,Stock Room,STR,O,S170,03,STR.O,STR.OS170,STR.OS170.03,,0,bin
bin,STR,Stock Room,STR,O,S170,04,STR.O,STR.OS170,STR.OS170.04,,0,bin
bin,STR,Stock Room,STR,O,S195,01,STR.O,STR.OS195,STR.OS195.01,,0,bin
bin,STR,Stock Room,STR,O,S195,02,STR.O,STR.OS195,STR.OS195.02,,0,bin
bin,STR,Stock Room,STR,O,S195,03,STR.O,STR.OS195,STR.OS195.03,,0,bin
bin,STR,Stock Room,STR,O,S195,04,STR.O,STR.OS195,STR.OS195.04,,0,bin
bin,STR,Stock Room,STR,P,S014,01,STR.P,STR.PS014,STR.PS014.01,,0,bin
bin,STR,Stock Room,STR,P,S014,02,STR.P,STR.PS014,STR.PS014.02,,0,bin
bin,STR,Stock Room,STR,P,S014,03,STR.P,STR.PS014,STR.PS014.03,,0,bin
bin,STR,Stock Room,STR,P,S014,04,STR.P,STR.PS014,STR.PS014.04,,0,bin
bin,STR,Stock Room,STR,P,S039,01,STR.P,STR.PS039,STR.PS039.01,,0,bin
bin,STR,Stock Room,STR,P,S039,02,STR.P,STR.PS039,STR.PS039.02,,0,bin
bin,STR,Stock Room,STR,P,S039,03,STR.P,STR.PS039,STR.PS039.03,,0,bin
bin,STR,Stock Room,STR,P,S039,04,STR.P,STR.PS039,STR.PS039.04,,0,bin
bin,STR,Stock Room,STR,P,S064,01,STR.P,STR.PS064,STR.PS064.01,,0,bin
bin,STR,Stock Room,STR,P,S064,02,STR.P,STR.PS064,STR.PS064.02,,0,bin
bin,STR,Stock Room,STR,P,S064,03,STR.P,STR.PS064,STR.PS064.03,,0,bin
bin,STR,Stock Room,STR,P,S064,04,STR.P,STR.PS064,STR.PS064.04,,0,bin
bin,STR,Stock Room,STR,P,S089,01,STR.P,STR.PS089,STR.PS089.01,,0,bin
bin,STR,Stock Room,STR,P,S089,02,STR.P,STR.PS089,STR.PS089.02,,0,bin
bin,STR,Stock Room,STR,P,S089,03,STR.P,STR.PS089,STR.PS089.03,,0,bin
bin,STR,Stock Room,STR,P,S089,04,STR.P,STR.PS089,STR.PS089.04,,0,bin
bin,STR,Stock Room,STR,P,S114,01,STR.P,STR.PS114,STR.PS114.01,,0,bin
bin,STR,Stock Room,STR,P,S114,02,STR.P,STR.PS114,STR.PS114.02,,0,bin
bin,STR,Stock Room,STR,P,S114,03,STR.P,STR.PS114,STR.PS114.03,,0,bin
bin,STR,Stock Room,STR,P,S114,04,STR.P,STR.PS114,STR.PS114.04,,0,bin
bin,STR,Stock Room,STR,P,S139,01,STR.P,STR.PS139,STR.PS139.01,,0,bin
bin,STR,Stock Room,STR,P,S139,02,STR.P,STR.PS139,STR.PS139.02,,0,bin
bin,STR,Stock Room,STR,P,S139,03,STR.P,STR.PS139,STR.PS139.03,,0,bin
bin,STR,Stock Room,STR,P,S139,04,STR.P,STR.PS139,STR.PS139.04,,0,bin
bin,STR,Stock Room,STR,P,S164,01,STR.P,STR.PS164,STR.PS164.01,,0,bin
bin,STR,Stock Room,STR,P,S164,02,STR.P,STR.PS164,STR.PS164.02,,0,bin
bin,STR,Stock Room,STR,P,S164,03,STR.P,STR.PS164,STR.PS164.03,,0,bin
bin,STR,Stock Room,STR,P,S164,04,STR.P,STR.PS164,STR.PS164.04,,0,bin
bin,STR,Stock Room,STR,P,S189,01,STR.P,STR.PS189,STR.PS189.01,,0,bin
bin,STR,Stock Room,STR,P,S189,02,STR.P,STR.PS189,STR.PS189.02,,0,bin
bin,STR,Stock Room,STR,P,S189,03,STR.P,STR.PS189,STR.PS189.03,,0,bin
bin,STR,Stock Room,STR,P,S189,04,STR.P,STR.PS189,STR.PS189.04,,0,bin
bin,STR,Stock Room,STR,Q,S002,01,STR.Q,STR.QS002,STR.QS002.01,,0,bin
bin,STR,Stock Room,STR,Q,S002,02,STR.Q,STR.QS002,STR.QS002.02,,0,bin
bin,STR,Stock Room,STR,Q,S002,03,STR.Q,STR.QS002,STR.QS002.03,,0,bin
bin,STR,Stock Room,STR,Q,S002,04,STR.Q,STR.QS002,STR.QS002.04,,0,bin
bin,STR,Stock Room,STR,Q,S027,01,STR.Q,STR.QS027,STR.QS027.01,,0,bin
bin,STR,Stock Room,STR,Q,S027,02,STR.Q,STR.QS027,STR.QS027.02,,0,bin
bin,STR,Stock Room,STR,Q,S027,03,STR.Q,STR.QS027,STR.QS027.03,,0,bin
bin,STR,Stock Room,STR,Q,S027,04,STR.Q,STR.QS027,STR.QS027.04,,0,bin
bin,STR,Stock Room,STR,Q,S052,01,STR.Q,STR.QS052,STR.QS052.01,,0,bin
bin,STR,Stock Room,STR,Q,S052,02,STR.Q,STR.QS052,STR.QS052.02,,0,bin
bin,STR,Stock Room,STR,Q,S052,03,STR.Q,STR.QS052,STR.QS052.03,,0,bin
bin,STR,Stock Room,STR,Q,S052,04,STR.Q,STR.QS052,STR.QS052.04,,0,bin
bin,STR,Stock Room,STR,Q,S077,01,STR.Q,STR.QS077,STR.QS077.01,,0,bin
bin,STR,Stock Room,STR,Q,S077,02,STR.Q,STR.QS077,STR.QS077.02,,0,bin
bin,STR,Stock Room,STR,Q,S077,03,STR.Q,STR.QS077,STR.QS077.03,,0,bin
bin,STR,Stock Room,STR,Q,S077,04,STR.Q,STR.QS077,STR.QS077.04,,0,bin
bin,STR,Stock Room,STR,Q,S102,01,STR.Q,STR.QS102,STR.QS102.01,,0,bin
bin,STR,Stock Room,STR,Q,S102,02,STR.Q,STR.QS102,STR.QS102.02,,0,bin
bin,STR,Stock Room,STR,Q,S102,03,STR.Q,STR.QS102,STR.QS102.03,,0,bin
bin,STR,Stock Room,STR,Q,S102,04,STR.Q,STR.QS102,STR.QS102.04,,0,bin
bin,STR,Stock Room,STR,Q,S127,01,STR.Q,STR.QS127,STR.QS127.01,,0,bin
bin,STR,Stock Room,STR,Q,S127,02,STR.Q,STR.QS127,STR.QS127.02,,0,bin
bin,STR,Stock Room,STR,Q,S127,03,STR.Q,STR.QS127,STR.QS127.03,,0,bin
bin,STR,Stock Room,STR,Q,S127,04,STR.Q,STR.QS127,STR.QS127.04,,0,bin
bin,STR,Stock Room,STR,Q,S152,01,STR.Q,STR.QS152,STR.QS152.01,,0,bin
bin,STR,Stock Room,STR,Q,S152,02,STR.Q,STR.QS152,STR.QS152.02,,0,bin
bin,STR,Stock Room,STR,Q,S152,03,STR.Q,STR.QS152,STR.QS152.03,,0,bin
bin,STR,Stock Room,STR,Q,S152,04,STR.Q,STR.QS152,STR.QS152.04,,0,bin
bin,STR,Stock Room,STR,Q,S177,01,STR.Q,STR.QS177,STR.QS177.01,,0,bin
bin,STR,Stock Room,STR,Q,S177,02,STR.Q,STR.QS177,STR.QS177.02,,0,bin
bin,STR,Stock Room,STR,Q,S177,03,STR.Q,STR.QS177,STR.QS177.03,,0,bin
bin,STR,Stock Room,STR,Q,S177,04,STR.Q,STR.QS177,STR.QS177.04,,0,bin
bin,STR,Stock Room,STR,Q,S202,01,STR.Q,STR.QS202,STR.QS202.01,,0,bin
bin,STR,Stock Room,STR,Q,S202,02,STR.Q,STR.QS202,STR.QS202.02,,0,bin
bin,STR,Stock Room,STR,Q,S202,03,STR.Q,STR.QS202,STR.QS202.03,,0,bin
bin,STR,Stock Room,STR,Q,S202,04,STR.Q,STR.QS202,STR.QS202.04,,0,bin
bin,STR,Stock Room,STR,R,S016,01,STR.R,STR.RS016,STR.RS016.01,,0,bin
bin,STR,Stock Room,STR,R,S016,02,STR.R,STR.RS016,STR.RS016.02,,0,bin
bin,STR,Stock Room,STR,R,S016,03,STR.R,STR.RS016,STR.RS016.03,,0,bin
bin,STR,Stock Room,STR,R,S016,04,STR.R,STR.RS016,STR.RS016.04,,0,bin
bin,STR,Stock Room,STR,R,S041,01,STR.R,STR.RS041,STR.RS041.01,,0,bin
bin,STR,Stock Room,STR,R,S041,02,STR.R,STR.RS041,STR.RS041.02,,0,bin
bin,STR,Stock Room,STR,R,S041,03,STR.R,STR.RS041,STR.RS041.03,,0,bin
bin,STR,Stock Room,STR,R,S041,04,STR.R,STR.RS041,STR.RS041.04,,0,bin
bin,STR,Stock Room,STR,R,S066,01,STR.R,STR.RS066,STR.RS066.01,,0,bin
bin,STR,Stock Room,STR,R,S066,02,STR.R,STR.RS066,STR.RS066.02,,0,bin
bin,STR,Stock Room,STR,R,S066,03,STR.R,STR.RS066,STR.RS066.03,,0,bin
bin,STR,Stock Room,STR,R,S066,04,STR.R,STR.RS066,STR.RS066.04,,0,bin
bin,STR,Stock Room,STR,R,S091,01,STR.R,STR.RS091,STR.RS091.01,,0,bin
bin,STR,Stock Room,STR,R,S091,02,STR.R,STR.RS091,STR.RS091.02,,0,bin
bin,STR,Stock Room,STR,R,S091,03,STR.R,STR.RS091,STR.RS091.03,,0,bin
bin,STR,Stock Room,STR,R,S091,04,STR.R,STR.RS091,STR.RS091.04,,0,bin
bin,STR,Stock Room,STR,R,S116,01,STR.R,STR.RS116,STR.RS116.01,,0,bin
bin,STR,Stock Room,STR,R,S116,02,STR.R,STR.RS116,STR.RS116.02,,0,bin
bin,STR,Stock Room,STR,R,S116,03,STR.R,STR.RS116,STR.RS116.03,,0,bin
bin,STR,Stock Room,STR,R,S116,04,STR.R,STR.RS116,STR.RS116.04,,0,bin
bin,STR,Stock Room,STR,R,S141,01,STR.R,STR.RS141,STR.RS141.01,,0,bin
bin,STR,Stock Room,STR,R,S141,02,STR.R,STR.RS141,STR.RS141.02,,0,bin
bin,STR,Stock Room,STR,R,S141,03,STR.R,STR.RS141,STR.RS141.03,,0,bin
bin,STR,Stock Room,STR,R,S141,04,STR.R,STR.RS141,STR.RS141.04,,0,bin
bin,STR,Stock Room,STR,R,S166,01,STR.R,STR.RS166,STR.RS166.01,,0,bin
bin,STR,Stock Room,STR,R,S166,02,STR.R,STR.RS166,STR.RS166.02,,0,bin
bin,STR,Stock Room,STR,R,S166,03,STR.R,STR.RS166,STR.RS166.03,,0,bin
bin,STR,Stock Room,STR,R,S166,04,STR.R,STR.RS166,STR.RS166.04,,0,bin
bin,STR,Stock Room,STR,R,S191,01,STR.R,STR.RS191,STR.RS191.01,,0,bin
bin,STR,Stock Room,STR,R,S191,02,STR.R,STR.RS191,STR.RS191.02,,0,bin
bin,STR,Stock Room,STR,R,S191,03,STR.R,STR.RS191,STR.RS191.03,,0,bin
bin,STR,Stock Room,STR,R,S191,04,STR.R,STR.RS191,STR.RS191.04,,0,bin
bin,STR,Stock Room,STR,S,S011,01,STR.S,STR.SS011,STR.SS011.01,,0,bin
bin,STR,Stock Room,STR,S,S011,02,STR.S,STR.SS011,STR.SS011.02,,0,bin
bin,STR,Stock Room,STR,S,S011,03,STR.S,STR.SS011,STR.SS011.03,,0,bin
bin,STR,Stock Room,STR,S,S011,04,STR.S,STR.SS011,STR.SS011.04,,0,bin
bin,STR,Stock Room,STR,S,S036,01,STR.S,STR.SS036,STR.SS036.01,,0,bin
bin,STR,Stock Room,STR,S,S036,02,STR.S,STR.SS036,STR.SS036.02,,0,bin
bin,STR,Stock Room,STR,S,S036,03,STR.S,STR.SS036,STR.SS036.03,,0,bin
bin,STR,Stock Room,STR,S,S036,04,STR.S,STR.SS036,STR.SS036.04,,0,bin
bin,STR,Stock Room,STR,S,S061,01,STR.S,STR.SS061,STR.SS061.01,,0,bin
bin,STR,Stock Room,STR,S,S061,02,STR.S,STR.SS061,STR.SS061.02,,0,bin
bin,STR,Stock Room,STR,S,S061,03,STR.S,STR.SS061,STR.SS061.03,,0,bin
bin,STR,Stock Room,STR,S,S061,04,STR.S,STR.SS061,STR.SS061.04,,0,bin
bin,STR,Stock Room,STR,S,S086,01,STR.S,STR.SS086,STR.SS086.01,,0,bin
bin,STR,Stock Room,STR,S,S086,02,STR.S,STR.SS086,STR.SS086.02,,0,bin
bin,STR,Stock Room,STR,S,S086,03,STR.S,STR.SS086,STR.SS086.03,,0,bin
bin,STR,Stock Room,STR,S,S086,04,STR.S,STR.SS086,STR.SS086.04,,0,bin
bin,STR,Stock Room,STR,S,S111,01,STR.S,STR.SS111,STR.SS111.01,,0,bin
bin,STR,Stock Room,STR,S,S111,02,STR.S,STR.SS111,STR.SS111.02,,0,bin
bin,STR,Stock Room,STR,S,S111,03,STR.S,STR.SS111,STR.SS111.03,,0,bin
bin,STR,Stock Room,STR,S,S111,04,STR.S,STR.SS111,STR.SS111.04,,0,bin
bin,STR,Stock Room,STR,S,S136,01,STR.S,STR.SS136,STR.SS136.01,,0,bin
bin,STR,Stock Room,STR,S,S136,02,STR.S,STR.SS136,STR.SS136.02,,0,bin
bin,STR,Stock Room,STR,S,S136,03,STR.S,STR.SS136,STR.SS136.03,,0,bin
bin,STR,Stock Room,STR,S,S136,04,STR.S,STR.SS136,STR.SS136.04,,0,bin
bin,STR,Stock Room,STR,S,S161,01,STR.S,STR.SS161,STR.SS161.01,,0,bin
bin,STR,Stock Room,STR,S,S161,02,STR.S,STR.SS161,STR.SS161.02,,0,bin
bin,STR,Stock Room,STR,S,S161,03,STR.S,STR.SS161,STR.SS161.03,,0,bin
bin,STR,Stock Room,STR,S,S161,04,STR.S,STR.SS161,STR.SS161.04,,0,bin
bin,STR,Stock Room,STR,S,S186,01,STR.S,STR.SS186,STR.SS186.01,,0,bin
bin,STR,Stock Room,STR,S,S186,02,STR.S,STR.SS186,STR.SS186.02,,0,bin
bin,STR,Stock Room,STR,S,S186,03,STR.S,STR.SS186,STR.SS186.03,,0,bin
bin,STR,Stock Room,STR,S,S186,04,STR.S,STR.SS186,STR.SS186.04,,0,bin
bin,STR,Stock Room,STR,T,S005,01,STR.T,STR.TS005,STR.TS005.01,,0,bin
bin,STR,Stock Room,STR,T,S005,02,STR.T,STR.TS005,STR.TS005.02,,0,bin
bin,STR,Stock Room,STR,T,S005,03,STR.T,STR.TS005,STR.TS005.03,,0,bin
bin,STR,Stock Room,STR,T,S005,04,STR.T,STR.TS005,STR.TS005.04,,0,bin
bin,STR,Stock Room,STR,T,S030,01,STR.T,STR.TS030,STR.TS030.01,,0,bin
bin,STR,Stock Room,STR,T,S030,02,STR.T,STR.TS030,STR.TS030.02,,0,bin
bin,STR,Stock Room,STR,T,S030,03,STR.T,STR.TS030,STR.TS030.03,,0,bin
bin,STR,Stock Room,STR,T,S030,04,STR.T,STR.TS030,STR.TS030.04,,0,bin
bin,STR,Stock Room,STR,T,S055,01,STR.T,STR.TS055,STR.TS055.01,,0,bin
bin,STR,Stock Room,STR,T,S055,02,STR.T,STR.TS055,STR.TS055.02,,0,bin
bin,STR,Stock Room,STR,T,S055,03,STR.T,STR.TS055,STR.TS055.03,,0,bin
bin,STR,Stock Room,STR,T,S055,04,STR.T,STR.TS055,STR.TS055.04,,0,bin
bin,STR,Stock Room,STR,T,S080,01,STR.T,STR.TS080,STR.TS080.01,,0,bin
bin,STR,Stock Room,STR,T,S080,02,STR.T,STR.TS080,STR.TS080.02,,0,bin
bin,STR,Stock Room,STR,T,S080,03,STR.T,STR.TS080,STR.TS080.03,,0,bin
bin,STR,Stock Room,STR,T,S080,04,STR.T,STR.TS080,STR.TS080.04,,0,bin
bin,STR,Stock Room,STR,T,S105,01,STR.T,STR.TS105,STR.TS105.01,,0,bin
bin,STR,Stock Room,STR,T,S105,02,STR.T,STR.TS105,STR.TS105.02,,0,bin
bin,STR,Stock Room,STR,T,S105,03,STR.T,STR.TS105,STR.TS105.03,,0,bin
bin,STR,Stock Room,STR,T,S105,04,STR.T,STR.TS105,STR.TS105.04,,0,bin
bin,STR,Stock Room,STR,T,S130,01,STR.T,STR.TS130,STR.TS130.01,,0,bin
bin,STR,Stock Room,STR,T,S130,02,STR.T,STR.TS130,STR.TS130.02,,0,bin
bin,STR,Stock Room,STR,T,S130,03,STR.T,STR.TS130,STR.TS130.03,,0,bin
bin,STR,Stock Room,STR,T,S130,04,STR.T,STR.TS130,STR.TS130.04,,0,bin
bin,STR,Stock Room,STR,T,S155,01,STR.T,STR.TS155,STR.TS155.01,,0,bin
bin,STR,Stock Room,STR,T,S155,02,STR.T,STR.TS155,STR.TS155.02,,0,bin
bin,STR,Stock Room,STR,T,S155,03,STR.T,STR.TS155,STR.TS155.03,,0,bin
bin,STR,Stock Room,STR,T,S155,04,STR.T,STR.TS155,STR.TS155.04,,0,bin
bin,STR,Stock Room,STR,T,S180,01,STR.T,STR.TS180,STR.TS180.01,,0,bin
bin,STR,Stock Room,STR,T,S180,02,STR.T,STR.TS180,STR.TS180.02,,0,bin
bin,STR,Stock Room,STR,T,S180,03,STR.T,STR.TS180,STR.TS180.03,,0,bin
bin,STR,Stock Room,STR,T,S180,04,STR.T,STR.TS180,STR.TS180.04,,0,bin
bin,STR,Stock Room,STR,T,S205,01,STR.T,STR.TS205,STR.TS205.01,,0,bin
bin,STR,Stock Room,STR,T,S205,02,STR.T,STR.TS205,STR.TS205.02,,0,bin
bin,STR,Stock Room,STR,T,S205,03,STR.T,STR.TS205,STR.TS205.03,,0,bin
bin,STR,Stock Room,STR,T,S205,04,STR.T,STR.TS205,STR.TS205.04,,0,bin
bin,STR,Stock Room,STR,U,S018,01,STR.U,STR.US018,STR.US018.01,,0,bin
bin,STR,Stock Room,STR,U,S018,02,STR.U,STR.US018,STR.US018.02,,0,bin
bin,STR,Stock Room,STR,U,S018,03,STR.U,STR.US018,STR.US018.03,,0,bin
bin,STR,Stock Room,STR,U,S018,04,STR.U,STR.US018,STR.US018.04,,0,bin
bin,STR,Stock Room,STR,U,S043,01,STR.U,STR.US043,STR.US043.01,,0,bin
bin,STR,Stock Room,STR,U,S043,02,STR.U,STR.US043,STR.US043.02,,0,bin
bin,STR,Stock Room,STR,U,S043,03,STR.U,STR.US043,STR.US043.03,,0,bin
bin,STR,Stock Room,STR,U,S043,04,STR.U,STR.US043,STR.US043.04,,0,bin
bin,STR,Stock Room,STR,U,S068,01,STR.U,STR.US068,STR.US068.01,,0,bin
bin,STR,Stock Room,STR,U,S068,02,STR.U,STR.US068,STR.US068.02,,0,bin
bin,STR,Stock Room,STR,U,S068,03,STR.U,STR.US068,STR.US068.03,,0,bin
bin,STR,Stock Room,STR,U,S068,04,STR.U,STR.US068,STR.US068.04,,0,bin
bin,STR,Stock Room,STR,U,S093,01,STR.U,STR.US093,STR.US093.01,,0,bin
bin,STR,Stock Room,STR,U,S093,02,STR.U,STR.US093,STR.US093.02,,0,bin
bin,STR,Stock Room,STR,U,S093,03,STR.U,STR.US093,STR.US093.03,,0,bin
bin,STR,Stock Room,STR,U,S093,04,STR.U,STR.US093,STR.US093.04,,0,bin
bin,STR,Stock Room,STR,U,S118,01,STR.U,STR.US118,STR.US118.01,,0,bin
bin,STR,Stock Room,STR,U,S118,02,STR.U,STR.US118,STR.US118.02,,0,bin
bin,STR,Stock Room,STR,U,S118,03,STR.U,STR.US118,STR.US118.03,,0,bin
bin,STR,Stock Room,STR,U,S118,04,STR.U,STR.US118,STR.US118.04,,0,bin
bin,STR,Stock Room,STR,U,S143,01,STR.U,STR.US143,STR.US143.01,,0,bin
bin,STR,Stock Room,STR,U,S143,02,STR.U,STR.US143,STR.US143.02,,0,bin
bin,STR,Stock Room,STR,U,S143,03,STR.U,STR.US143,STR.US143.03,,0,bin
bin,STR,Stock Room,STR,U,S143,04,STR.U,STR.US143,STR.US143.04,,0,bin
bin,STR,Stock Room,STR,U,S168,01,STR.U,STR.US168,STR.US168.01,,0,bin
bin,STR,Stock Room,STR,U,S168,02,STR.U,STR.US168,STR.US168.02,,0,bin
bin,STR,Stock Room,STR,U,S168,03,STR.U,STR.US168,STR.US168.03,,0,bin
bin,STR,Stock Room,STR,U,S168,04,STR.U,STR.US168,STR.US168.04,,0,bin
bin,STR,Stock Room,STR,U,S193,01,STR.U,STR.US193,STR.US193.01,,0,bin
bin,STR,Stock Room,STR,U,S193,02,STR.U,STR.US193,STR.US193.02,,0,bin
bin,STR,Stock Room,STR,U,S193,03,STR.U,STR.US193,STR.US193.03,,0,bin
bin,STR,Stock Room,STR,U,S193,04,STR.U,STR.US193,STR.US193.04,,0,bin
bin,STR,Stock Room,STR,V,S019,01,STR.V,STR.VS019,STR.VS019.01,,0,bin
bin,STR,Stock Room,STR,V,S019,02,STR.V,STR.VS019,STR.VS019.02,,0,bin
bin,STR,Stock Room,STR,V,S019,03,STR.V,STR.VS019,STR.VS019.03,,0,bin
bin,STR,Stock Room,STR,V,S019,04,STR.V,STR.VS019,STR.VS019.04,,0,bin
bin,STR,Stock Room,STR,V,S044,01,STR.V,STR.VS044,STR.VS044.01,,0,bin
bin,STR,Stock Room,STR,V,S044,02,STR.V,STR.VS044,STR.VS044.02,,0,bin
bin,STR,Stock Room,STR,V,S044,03,STR.V,STR.VS044,STR.VS044.03,,0,bin
bin,STR,Stock Room,STR,V,S044,04,STR.V,STR.VS044,STR.VS044.04,,0,bin
bin,STR,Stock Room,STR,V,S069,01,STR.V,STR.VS069,STR.VS069.01,,0,bin
bin,STR,Stock Room,STR,V,S069,02,STR.V,STR.VS069,STR.VS069.02,,0,bin
bin,STR,Stock Room,STR,V,S069,03,STR.V,STR.VS069,STR.VS069.03,,0,bin
bin,STR,Stock Room,STR,V,S069,04,STR.V,STR.VS069,STR.VS069.04,,0,bin
bin,STR,Stock Room,STR,V,S094,01,STR.V,STR.VS094,STR.VS094.01,,0,bin
bin,STR,Stock Room,STR,V,S094,02,STR.V,STR.VS094,STR.VS094.02,,0,bin
bin,STR,Stock Room,STR,V,S094,03,STR.V,STR.VS094,STR.VS094.03,,0,bin
bin,STR,Stock Room,STR,V,S094,04,STR.V,STR.VS094,STR.VS094.04,,0,bin
bin,STR,Stock Room,STR,V,S119,01,STR.V,STR.VS119,STR.VS119.01,,0,bin
bin,STR,Stock Room,STR,V,S119,02,STR.V,STR.VS119,STR.VS119.02,,0,bin
bin,STR,Stock Room,STR,V,S119,03,STR.V,STR.VS119,STR.VS119.03,,0,bin
bin,STR,Stock Room,STR,V,S119,04,STR.V,STR.VS119,STR.VS119.04,,0,bin
bin,STR,Stock Room,STR,V,S144,01,STR.V,STR.VS144,STR.VS144.01,,0,bin
bin,STR,Stock Room,STR,V,S144,02,STR.V,STR.VS144,STR.VS144.02,,0,bin
bin,STR,Stock Room,STR,V,S144,03,STR.V,STR.VS144,STR.VS144.03,,0,bin
bin,STR,Stock Room,STR,V,S144,04,STR.V,STR.VS144,STR.VS144.04,,0,bin
bin,STR,Stock Room,STR,V,S169,01,STR.V,STR.VS169,STR.VS169.01,,0,bin
bin,STR,Stock Room,STR,V,S169,02,STR.V,STR.VS169,STR.VS169.02,,0,bin
bin,STR,Stock Room,STR,V,S169,03,STR.V,STR.VS169,STR.VS169.03,,0,bin
bin,STR,Stock Room,STR,V,S169,04,STR.V,STR.VS169,STR.VS169.04,,0,bin
bin,STR,Stock Room,STR,V,S194,01,STR.V,STR.VS194,STR.VS194.01,,0,bin
bin,STR,Stock Room,STR,V,S194,02,STR.V,STR.VS194,STR.VS194.02,,0,bin
bin,STR,Stock Room,STR,V,S194,03,STR.V,STR.VS194,STR.VS194.03,,0,bin
bin,STR,Stock Room,STR,V,S194,04,STR.V,STR.VS194,STR.VS194.04,,0,bin
bin,STR,Stock Room,STR,W,S008,01,STR.W,STR.WS008,STR.WS008.01,,0,bin
bin,STR,Stock Room,STR,W,S008,02,STR.W,STR.WS008,STR.WS008.02,,0,bin
bin,STR,Stock Room,STR,W,S008,03,STR.W,STR.WS008,STR.WS008.03,,0,bin
bin,STR,Stock Room,STR,W,S008,04,STR.W,STR.WS008,STR.WS008.04,,0,bin
bin,STR,Stock Room,STR,W,S033,01,STR.W,STR.WS033,STR.WS033.01,,0,bin
bin,STR,Stock Room,STR,W,S033,02,STR.W,STR.WS033,STR.WS033.02,,0,bin
bin,STR,Stock Room,STR,W,S033,03,STR.W,STR.WS033,STR.WS033.03,,0,bin
bin,STR,Stock Room,STR,W,S033,04,STR.W,STR.WS033,STR.WS033.04,,0,bin
bin,STR,Stock Room,STR,W,S058,01,STR.W,STR.WS058,STR.WS058.01,,0,bin
bin,STR,Stock Room,STR,W,S058,02,STR.W,STR.WS058,STR.WS058.02,,0,bin
bin,STR,Stock Room,STR,W,S058,03,STR.W,STR.WS058,STR.WS058.03,,0,bin
bin,STR,Stock Room,STR,W,S058,04,STR.W,STR.WS058,STR.WS058.04,,0,bin
bin,STR,Stock Room,STR,W,S083,01,STR.W,STR.WS083,STR.WS083.01,,0,bin
bin,STR,Stock Room,STR,W,S083,02,STR.W,STR.WS083,STR.WS083.02,,0,bin
bin,STR,Stock Room,STR,W,S083,03,STR.W,STR.WS083,STR.WS083.03,,0,bin
bin,STR,Stock Room,STR,W,S083,04,STR.W,STR.WS083,STR.WS083.04,,0,bin
bin,STR,Stock Room,STR,W,S108,01,STR.W,STR.WS108,STR.WS108.01,,0,bin
bin,STR,Stock Room,STR,W,S108,02,STR.W,STR.WS108,STR.WS108.02,,0,bin
bin,STR,Stock Room,STR,W,S108,03,STR.W,STR.WS108,STR.WS108.03,,0,bin
bin,STR,Stock Room,STR,W,S108,04,STR.W,STR.WS108,STR.WS108.04,,0,bin
bin,STR,Stock Room,STR,W,S133,01,STR.W,STR.WS133,STR.WS133.01,,0,bin
bin,STR,Stock Room,STR,W,S133,02,STR.W,STR.WS133,STR.WS133.02,,0,bin
bin,STR,Stock Room,STR,W,S133,03,STR.W,STR.WS133,STR.WS133.03,,0,bin
bin,STR,Stock Room,STR,W,S133,04,STR.W,STR.WS133,STR.WS133.04,,0,bin
bin,STR,Stock Room,STR,W,S158,01,STR.W,STR.WS158,STR.WS158.01,,0,bin
bin,STR,Stock Room,STR,W,S158,02,STR.W,STR.WS158,STR.WS158.02,,0,bin
bin,STR,Stock Room,STR,W,S158,03,STR.W,STR.WS158,STR.WS158.03,,0,bin
bin,STR,Stock Room,STR,W,S158,04,STR.W,STR.WS158,STR.WS158.04,,0,bin
bin,STR,Stock Room,STR,W,S183,01,STR.W,STR.WS183,STR.WS183.01,,0,bin
bin,STR,Stock Room,STR,W,S183,02,STR.W,STR.WS183,STR.WS183.02,,0,bin
bin,STR,Stock Room,STR,W,S183,03,STR.W,STR.WS183,STR.WS183.03,,0,bin
bin,STR,Stock Room,STR,W,S183,04,STR.W,STR.WS183,STR.WS183.04,,0,bin
bin,STR,Stock Room,STR,W,S208,01,STR.W,STR.WS208,STR.WS208.01,,0,bin
bin,STR,Stock Room,STR,W,S208,02,STR.W,STR.WS208,STR.WS208.02,,0,bin
bin,STR,Stock Room,STR,X,S021,01,STR.X,STR.XS021,STR.XS021.01,,0,bin
bin,STR,Stock Room,STR,X,S021,02,STR.X,STR.XS021,STR.XS021.02,,0,bin
bin,STR,Stock Room,STR,X,S021,03,STR.X,STR.XS021,STR.XS021.03,,0,bin
bin,STR,Stock Room,STR,X,S021,04,STR.X,STR.XS021,STR.XS021.04,,0,bin
bin,STR,Stock Room,STR,X,S046,01,STR.X,STR.XS046,STR.XS046.01,,0,bin
bin,STR,Stock Room,STR,X,S046,02,STR.X,STR.XS046,STR.XS046.02,,0,bin
bin,STR,Stock Room,STR,X,S046,03,STR.X,STR.XS046,STR.XS046.03,,0,bin
bin,STR,Stock Room,STR,X,S046,04,STR.X,STR.XS046,STR.XS046.04,,0,bin
bin,STR,Stock Room,STR,X,S071,01,STR.X,STR.XS071,STR.XS071.01,,0,bin
bin,STR,Stock Room,STR,X,S071,02,STR.X,STR.XS071,STR.XS071.02,,0,bin
bin,STR,Stock Room,STR,X,S071,03,STR.X,STR.XS071,STR.XS071.03,,0,bin
bin,STR,Stock Room,STR,X,S071,04,STR.X,STR.XS071,STR.XS071.04,,0,bin
bin,STR,Stock Room,STR,X,S096,01,STR.X,STR.XS096,STR.XS096.01,,0,bin
bin,STR,Stock Room,STR,X,S096,02,STR.X,STR.XS096,STR.XS096.02,,0,bin
bin,STR,Stock Room,STR,X,S096,03,STR.X,STR.XS096,STR.XS096.03,,0,bin
bin,STR,Stock Room,STR,X,S096,04,STR.X,STR.XS096,STR.XS096.04,,0,bin
bin,STR,Stock Room,STR,X,S121,01,STR.X,STR.XS121,STR.XS121.01,,0,bin
bin,STR,Stock Room,STR,X,S121,02,STR.X,STR.XS121,STR.XS121.02,,0,bin
bin,STR,Stock Room,STR,X,S121,03,STR.X,STR.XS121,STR.XS121.03,,0,bin
bin,STR,Stock Room,STR,X,S121,04,STR.X,STR.XS121,STR.XS121.04,,0,bin
bin,STR,Stock Room,STR,X,S146,01,STR.X,STR.XS146,STR.XS146.01,,0,bin
bin,STR,Stock Room,STR,X,S146,02,STR.X,STR.XS146,STR.XS146.02,,0,bin
bin,STR,Stock Room,STR,X,S146,03,STR.X,STR.XS146,STR.XS146.03,,0,bin
bin,STR,Stock Room,STR,X,S146,04,STR.X,STR.XS146,STR.XS146.04,,0,bin
bin,STR,Stock Room,STR,X,S171,01,STR.X,STR.XS171,STR.XS171.01,,0,bin
bin,STR,Stock Room,STR,X,S171,02,STR.X,STR.XS171,STR.XS171.02,,0,bin
bin,STR,Stock Room,STR,X,S171,03,STR.X,STR.XS171,STR.XS171.03,,0,bin
bin,STR,Stock Room,STR,X,S171,04,STR.X,STR.XS171,STR.XS171.04,,0,bin
bin,STR,Stock Room,STR,X,S196,01,STR.X,STR.XS196,STR.XS196.01,,0,bin
bin,STR,Stock Room,STR,X,S196,02,STR.X,STR.XS196,STR.XS196.02,,0,bin
bin,STR,Stock Room,STR,X,S196,03,STR.X,STR.XS196,STR.XS196.03,,0,bin
bin,STR,Stock Room,STR,X,S196,04,STR.X,STR.XS196,STR.XS196.04,,0,bin
bin,STR,Stock Room,STR,Y,S015,01,STR.Y,STR.YS015,STR.YS015.01,,0,bin
bin,STR,Stock Room,STR,Y,S015,02,STR.Y,STR.YS015,STR.YS015.02,,0,bin
bin,STR,Stock Room,STR,Y,S015,03,STR.Y,STR.YS015,STR.YS015.03,,0,bin
bin,STR,Stock Room,STR,Y,S015,04,STR.Y,STR.YS015,STR.YS015.04,,0,bin
bin,STR,Stock Room,STR,Y,S040,01,STR.Y,STR.YS040,STR.YS040.01,,0,bin
bin,STR,Stock Room,STR,Y,S040,02,STR.Y,STR.YS040,STR.YS040.02,,0,bin
bin,STR,Stock Room,STR,Y,S040,03,STR.Y,STR.YS040,STR.YS040.03,,0,bin
bin,STR,Stock Room,STR,Y,S040,04,STR.Y,STR.YS040,STR.YS040.04,,0,bin
bin,STR,Stock Room,STR,Y,S065,01,STR.Y,STR.YS065,STR.YS065.01,,0,bin
bin,STR,Stock Room,STR,Y,S065,02,STR.Y,STR.YS065,STR.YS065.02,,0,bin
bin,STR,Stock Room,STR,Y,S065,03,STR.Y,STR.YS065,STR.YS065.03,,0,bin
bin,STR,Stock Room,STR,Y,S065,04,STR.Y,STR.YS065,STR.YS065.04,,0,bin
bin,STR,Stock Room,STR,Y,S090,01,STR.Y,STR.YS090,STR.YS090.01,,0,bin
bin,STR,Stock Room,STR,Y,S090,02,STR.Y,STR.YS090,STR.YS090.02,,0,bin
bin,STR,Stock Room,STR,Y,S090,03,STR.Y,STR.YS090,STR.YS090.03,,0,bin
bin,STR,Stock Room,STR,Y,S090,04,STR.Y,STR.YS090,STR.YS090.04,,0,bin
bin,STR,Stock Room,STR,Y,S115,01,STR.Y,STR.YS115,STR.YS115.01,,0,bin
bin,STR,Stock Room,STR,Y,S115,02,STR.Y,STR.YS115,STR.YS115.02,,0,bin
bin,STR,Stock Room,STR,Y,S115,03,STR.Y,STR.YS115,STR.YS115.03,,0,bin
bin,STR,Stock Room,STR,Y,S115,04,STR.Y,STR.YS115,STR.YS115.04,,0,bin
bin,STR,Stock Room,STR,Y,S140,01,STR.Y,STR.YS140,STR.YS140.01,,0,bin
bin,STR,Stock Room,STR,Y,S140,02,STR.Y,STR.YS140,STR.YS140.02,,0,bin
bin,STR,Stock Room,STR,Y,S140,03,STR.Y,STR.YS140,STR.YS140.03,,0,bin
bin,STR,Stock Room,STR,Y,S140,04,STR.Y,STR.YS140,STR.YS140.04,,0,bin
bin,STR,Stock Room,STR,Y,S165,01,STR.Y,STR.YS165,STR.YS165.01,,0,bin
bin,STR,Stock Room,STR,Y,S165,02,STR.Y,STR.YS165,STR.YS165.02,,0,bin
bin,STR,Stock Room,STR,Y,S165,03,STR.Y,STR.YS165,STR.YS165.03,,0,bin
bin,STR,Stock Room,STR,Y,S165,04,STR.Y,STR.YS165,STR.YS165.04,,0,bin
bin,STR,Stock Room,STR,Y,S190,01,STR.Y,STR.YS190,STR.YS190.01,,0,bin
bin,STR,Stock Room,STR,Y,S190,02,STR.Y,STR.YS190,STR.YS190.02,,0,bin
bin,STR,Stock Room,STR,Y,S190,03,STR.Y,STR.YS190,STR.YS190.03,,0,bin
bin,STR,Stock Room,STR,Y,S190,04,STR.Y,STR.YS190,STR.YS190.04,,0,bin
shelf,STR,Stock Room,STR,A,S006,,STR.A,STR.AS006,,,0,bin
shelf,STR,Stock Room,STR,A,S01,,STR.A,STR.AS01,,,0,bin
shelf,STR,Stock Room,STR,A,S02,,STR.A,STR.AS02,,,0,bin
shelf,STR,Stock Room,STR,A,S03,,STR.A,STR.AS03,,,0,bin
shelf,STR,Stock Room,STR,A,S031,,STR.A,STR.AS031,,,0,bin
shelf,STR,Stock Room,STR,A,S04,,STR.A,STR.AS04,,,0,bin
shelf,STR,Stock Room,STR,A,S05,,STR.A,STR.AS05,,,0,bin
shelf,STR,Stock Room,STR,A,S056,,STR.A,STR.AS056,,,0,bin
shelf,STR,Stock Room,STR,A,S06,,STR.A,STR.AS06,,,0,bin
shelf,STR,Stock Room,STR,A,S081,,STR.A,STR.AS081,,,0,bin
shelf,STR,Stock Room,STR,A,S106,,STR.A,STR.AS106,,,0,bin
shelf,STR,Stock Room,STR,A,S131,,STR.A,STR.AS131,,,0,bin
shelf,STR,Stock Room,STR,A,S156,,STR.A,STR.AS156,,,0,bin
shelf,STR,Stock Room,STR,A,S181,,STR.A,STR.AS181,,,0,bin
shelf,STR,Stock Room,STR,A,S206,,STR.A,STR.AS206,,,0,bin
shelf,STR,Stock Room,STR,B,S001,,STR.B,STR.BS001,,,0,bin
shelf,STR,Stock Room,STR,B,S01,,STR.B,STR.BS01,,,0,bin
shelf,STR,Stock Room,STR,B,S02,,STR.B,STR.BS02,,,0,bin
shelf,STR,Stock Room,STR,B,S026,,STR.B,STR.BS026,,,0,bin
shelf,STR,Stock Room,STR,B,S03,,STR.B,STR.BS03,,,0,bin
shelf,STR,Stock Room,STR,B,S04,,STR.B,STR.BS04,,,0,bin
shelf,STR,Stock Room,STR,B,S05,,STR.B,STR.BS05,,,0,bin
shelf,STR,Stock Room,STR,B,S051,,STR.B,STR.BS051,,,0,bin
shelf,STR,Stock Room,STR,B,S06,,STR.B,STR.BS06,,,0,bin
shelf,STR,Stock Room,STR,B,S07,,STR.B,STR.BS07,,,0,bin
shelf,STR,Stock Room,STR,B,S076,,STR.B,STR.BS076,,,0,bin
shelf,STR,Stock Room,STR,B,S08,,STR.B,STR.BS08,,,0,bin
shelf,STR,Stock Room,STR,B,S09,,STR.B,STR.BS09,,,0,bin
shelf,STR,Stock Room,STR,B,S10,,STR.B,STR.BS10,,,0,bin
shelf,STR,Stock Room,STR,B,S101,,STR.B,STR.BS101,,,0,bin
shelf,STR,Stock Room,STR,B,S11,,STR.B,STR.BS11,,,0,bin
shelf,STR,Stock Room,STR,B,S12,,STR.B,STR.BS12,,,0,bin
shelf,STR,Stock Room,STR,B,S126,,STR.B,STR.BS126,,,0,bin
shelf,STR,Stock Room,STR,B,S13,,STR.B,STR.BS13,,,0,bin
shelf,STR,Stock Room,STR,B,S14,,STR.B,STR.BS14,,,0,bin
shelf,STR,Stock Room,STR,B,S15,,STR.B,STR.BS15,,,0,bin
shelf,STR,Stock Room,STR,B,S151,,STR.B,STR.BS151,,,0,bin
shelf,STR,Stock Room,STR,B,S16,,STR.B,STR.BS16,,,0,bin
shelf,STR,Stock Room,STR,B,S17,,STR.B,STR.BS17,,,0,bin
shelf,STR,Stock Room,STR,B,S176,,STR.B,STR.BS176,,,0,bin
shelf,STR,Stock Room,STR,B,S18,,STR.B,STR.BS18,,,0,bin
shelf,STR,Stock Room,STR,B,S201,,STR.B,STR.BS201,,,0,bin
shelf,STR,Stock Room,STR,C,S004,,STR.C,STR.CS004,,,0,bin
shelf,STR,Stock Room,STR,C,S01,,STR.C,STR.CS01,,,0,bin
shelf,STR,Stock Room,STR,C,S02,,STR.C,STR.CS02,,,0,bin
shelf,STR,Stock Room,STR,C,S029,,STR.C,STR.CS029,,,0,bin
shelf,STR,Stock Room,STR,C,S03,,STR.C,STR.CS03,,,0,bin
shelf,STR,Stock Room,STR,C,S04,,STR.C,STR.CS04,,,0,bin
shelf,STR,Stock Room,STR,C,S05,,STR.C,STR.CS05,,,0,bin
shelf,STR,Stock Room,STR,C,S054,,STR.C,STR.CS054,,,0,bin
shelf,STR,Stock Room,STR,C,S06,,STR.C,STR.CS06,,,0,bin
shelf,STR,Stock Room,STR,C,S07,,STR.C,STR.CS07,,,0,bin
shelf,STR,Stock Room,STR,C,S079,,STR.C,STR.CS079,,,0,bin
shelf,STR,Stock Room,STR,C,S08,,STR.C,STR.CS08,,,0,bin
shelf,STR,Stock Room,STR,C,S09,,STR.C,STR.CS09,,,0,bin
shelf,STR,Stock Room,STR,C,S10,,STR.C,STR.CS10,,,0,bin
shelf,STR,Stock Room,STR,C,S104,,STR.C,STR.CS104,,,0,bin
shelf,STR,Stock Room,STR,C,S11,,STR.C,STR.CS11,,,0,bin
shelf,STR,Stock Room,STR,C,S12,,STR.C,STR.CS12,,,0,bin
shelf,STR,Stock Room,STR,C,S129,,STR.C,STR.CS129,,,0,bin
shelf,STR,Stock Room,STR,C,S13,,STR.C,STR.CS13,,,0,bin
shelf,STR,Stock Room,STR,C,S14,,STR.C,STR.CS14,,,0,bin
shelf,STR,Stock Room,STR,C,S15,,STR.C,STR.CS15,,,0,bin
shelf,STR,Stock Room,STR,C,S154,,STR.C,STR.CS154,,,0,bin
shelf,STR,Stock Room,STR,C,S16,,STR.C,STR.CS16,,,0,bin
shelf,STR,Stock Room,STR,C,S17,,STR.C,STR.CS17,,,0,bin
shelf,STR,Stock Room,STR,C,S179,,STR.C,STR.CS179,,,0,bin
shelf,STR,Stock Room,STR,C,S18,,STR.C,STR.CS18,,,0,bin
shelf,STR,Stock Room,STR,C,S19,,STR.C,STR.CS19,,,0,bin
shelf,STR,Stock Room,STR,C,S20,,STR.C,STR.CS20,,,0,bin
shelf,STR,Stock Room,STR,C,S204,,STR.C,STR.CS204,,,0,bin
shelf,STR,Stock Room,STR,C,S21,,STR.C,STR.CS21,,,0,bin
shelf,STR,Stock Room,STR,C,S22,,STR.C,STR.CS22,,,0,bin
shelf,STR,Stock Room,STR,C,S23,,STR.C,STR.CS23,,,0,bin
shelf,STR,Stock Room,STR,C,S24,,STR.C,STR.CS24,,,0,bin
shelf,STR,Stock Room,STR,C,S25,,STR.C,STR.CS25,,,0,bin
shelf,STR,Stock Room,STR,C,S26,,STR.C,STR.CS26,,,0,bin
shelf,STR,Stock Room,STR,C,S27,,STR.C,STR.CS27,,,0,bin
shelf,STR,Stock Room,STR,C,S28,,STR.C,STR.CS28,,,0,bin
shelf,STR,Stock Room,STR,C,S29,,STR.C,STR.CS29,,,0,bin
shelf,STR,Stock Room,STR,C,S30,,STR.C,STR.CS30,,,0,bin
shelf,STR,Stock Room,STR,C,S31,,STR.C,STR.CS31,,,0,bin
shelf,STR,Stock Room,STR,D,S017,,STR.D,STR.DS017,,,0,bin
shelf,STR,Stock Room,STR,D,S042,,STR.D,STR.DS042,,,0,bin
shelf,STR,Stock Room,STR,D,S067,,STR.D,STR.DS067,,,0,bin
shelf,STR,Stock Room,STR,D,S092,,STR.D,STR.DS092,,,0,bin
shelf,STR,Stock Room,STR,D,S117,,STR.D,STR.DS117,,,0,bin
shelf,STR,Stock Room,STR,D,S142,,STR.D,STR.DS142,,,0,bin
shelf,STR,Stock Room,STR,D,S167,,STR.D,STR.DS167,,,0,bin
shelf,STR,Stock Room,STR,D,S192,,STR.D,STR.DS192,,,0,bin
shelf,STR,Stock Room,STR,E,S013,,STR.E,STR.ES013,,,0,bin
shelf,STR,Stock Room,STR,E,S038,,STR.E,STR.ES038,,,0,bin
shelf,STR,Stock Room,STR,E,S063,,STR.E,STR.ES063,,,0,bin
shelf,STR,Stock Room,STR,E,S088,,STR.E,STR.ES088,,,0,bin
shelf,STR,Stock Room,STR,E,S113,,STR.E,STR.ES113,,,0,bin
shelf,STR,Stock Room,STR,E,S138,,STR.E,STR.ES138,,,0,bin
shelf,STR,Stock Room,STR,E,S163,,STR.E,STR.ES163,,,0,bin
shelf,STR,Stock Room,STR,E,S188,,STR.E,STR.ES188,,,0,bin
shelf,STR,Stock Room,STR,F,S003,,STR.F,STR.FS003,,,0,bin
shelf,STR,Stock Room,STR,F,S028,,STR.F,STR.FS028,,,0,bin
shelf,STR,Stock Room,STR,F,S053,,STR.F,STR.FS053,,,0,bin
shelf,STR,Stock Room,STR,F,S078,,STR.F,STR.FS078,,,0,bin
shelf,STR,Stock Room,STR,F,S103,,STR.F,STR.FS103,,,0,bin
shelf,STR,Stock Room,STR,F,S128,,STR.F,STR.FS128,,,0,bin
shelf,STR,Stock Room,STR,F,S153,,STR.F,STR.FS153,,,0,bin
shelf,STR,Stock Room,STR,F,S178,,STR.F,STR.FS178,,,0,bin
shelf,STR,Stock Room,STR,F,S203,,STR.F,STR.FS203,,,0,bin
shelf,STR,Stock Room,STR,FG,01,,Z.STR.FG,STR.FG.01,,,0,bin
shelf,STR,Stock Room,STR,G,S024,,STR.G,STR.GS024,,,0,bin
shelf,STR,Stock Room,STR,G,S049,,STR.G,STR.GS049,,,0,bin
shelf,STR,Stock Room,STR,G,S074,,STR.G,STR.GS074,,,0,bin
shelf,STR,Stock Room,STR,G,S099,,STR.G,STR.GS099,,,0,bin
shelf,STR,Stock Room,STR,G,S124,,STR.G,STR.GS124,,,0,bin
shelf,STR,Stock Room,STR,G,S149,,STR.G,STR.GS149,,,0,bin
shelf,STR,Stock Room,STR,G,S174,,STR.G,STR.GS174,,,0,bin
shelf,STR,Stock Room,STR,G,S199,,STR.G,STR.GS199,,,0,bin
shelf,STR,Stock Room,STR,H,S007,,STR.H,STR.HS007,,,0,bin
shelf,STR,Stock Room,STR,H,S032,,STR.H,STR.HS032,,,0,bin
shelf,STR,Stock Room,STR,H,S057,,STR.H,STR.HS057,,,0,bin
shelf,STR,Stock Room,STR,H,S082,,STR.H,STR.HS082,,,0,bin
shelf,STR,Stock Room,STR,H,S107,,STR.H,STR.HS107,,,0,bin
shelf,STR,Stock Room,STR,H,S132,,STR.H,STR.HS132,,,0,bin
shelf,STR,Stock Room,STR,H,S157,,STR.H,STR.HS157,,,0,bin
shelf,STR,Stock Room,STR,H,S182,,STR.H,STR.HS182,,,0,bin
shelf,STR,Stock Room,STR,H,S207,,STR.H,STR.HS207,,,0,bin
shelf,STR,Stock Room,STR,I,S022,,STR.I,STR.IS022,,,0,bin
shelf,STR,Stock Room,STR,I,S047,,STR.I,STR.IS047,,,0,bin
shelf,STR,Stock Room,STR,I,S072,,STR.I,STR.IS072,,,0,bin
shelf,STR,Stock Room,STR,I,S097,,STR.I,STR.IS097,,,0,bin
shelf,STR,Stock Room,STR,I,S122,,STR.I,STR.IS122,,,0,bin
shelf,STR,Stock Room,STR,I,S147,,STR.I,STR.IS147,,,0,bin
shelf,STR,Stock Room,STR,I,S172,,STR.I,STR.IS172,,,0,bin
shelf,STR,Stock Room,STR,I,S197,,STR.I,STR.IS197,,,0,bin
shelf,STR,Stock Room,STR,J,S025,,STR.J,STR.JS025,,,0,bin
shelf,STR,Stock Room,STR,J,S050,,STR.J,STR.JS050,,,0,bin
shelf,STR,Stock Room,STR,J,S075,,STR.J,STR.JS075,,,0,bin
shelf,STR,Stock Room,STR,J,S100,,STR.J,STR.JS100,,,0,bin
shelf,STR,Stock Room,STR,J,S125,,STR.J,STR.JS125,,,0,bin
shelf,STR,Stock Room,STR,J,S150,,STR.J,STR.JS150,,,0,bin
shelf,STR,Stock Room,STR,J,S175,,STR.J,STR.JS175,,,0,bin
shelf,STR,Stock Room,STR,J,S200,,STR.J,STR.JS200,,,0,bin
shelf,STR,Stock Room,STR,K,S023,,STR.K,STR.KS023,,,0,bin
shelf,STR,Stock Room,STR,K,S048,,STR.K,STR.KS048,,,0,bin
shelf,STR,Stock Room,STR,K,S073,,STR.K,STR.KS073,,,0,bin
shelf,STR,Stock Room,STR,K,S098,,STR.K,STR.KS098,,,0,bin
shelf,STR,Stock Room,STR,K,S123,,STR.K,STR.KS123,,,0,bin
shelf,STR,Stock Room,STR,K,S148,,STR.K,STR.KS148,,,0,bin
shelf,STR,Stock Room,STR,K,S173,,STR.K,STR.KS173,,,0,bin
shelf,STR,Stock Room,STR,K,S198,,STR.K,STR.KS198,,,0,bin
shelf,STR,Stock Room,STR,L,S009,,STR.L,STR.LS009,,,0,bin
shelf,STR,Stock Room,STR,L,S034,,STR.L,STR.LS034,,,0,bin
shelf,STR,Stock Room,STR,L,S059,,STR.L,STR.LS059,,,0,bin
shelf,STR,Stock Room,STR,L,S084,,STR.L,STR.LS084,,,0,bin
shelf,STR,Stock Room,STR,L,S109,,STR.L,STR.LS109,,,0,bin
shelf,STR,Stock Room,STR,L,S134,,STR.L,STR.LS134,,,0,bin
shelf,STR,Stock Room,STR,L,S159,,STR.L,STR.LS159,,,0,bin
shelf,STR,Stock Room,STR,L,S184,,STR.L,STR.LS184,,,0,bin
shelf,STR,Stock Room,STR,LINE,01,,Z.STR.LINE,STR.LINE.01,,,0,bin
shelf,STR,Stock Room,STR,M,S010,,STR.M,STR.MS010,,,0,bin
shelf,STR,Stock Room,STR,M,S035,,STR.M,STR.MS035,,,0,bin
shelf,STR,Stock Room,STR,M,S060,,STR.M,STR.MS060,,,0,bin
shelf,STR,Stock Room,STR,M,S085,,STR.M,STR.MS085,,,0,bin
shelf,STR,Stock Room,STR,M,S110,,STR.M,STR.MS110,,,0,bin
shelf,STR,Stock Room,STR,M,S135,,STR.M,STR.MS135,,,0,bin
shelf,STR,Stock Room,STR,M,S160,,STR.M,STR.MS160,,,0,bin
shelf,STR,Stock Room,STR,M,S185,,STR.M,STR.MS185,,,0,bin
shelf,STR,Stock Room,STR,N,S012,,STR.N,STR.NS012,,,0,bin
shelf,STR,Stock Room,STR,N,S037,,STR.N,STR.NS037,,,0,bin
shelf,STR,Stock Room,STR,N,S062,,STR.N,STR.NS062,,,0,bin
shelf,STR,Stock Room,STR,N,S087,,STR.N,STR.NS087,,,0,bin
shelf,STR,Stock Room,STR,N,S112,,STR.N,STR.NS112,,,0,bin
shelf,STR,Stock Room,STR,N,S137,,STR.N,STR.NS137,,,0,bin
shelf,STR,Stock Room,STR,N,S162,,STR.N,STR.NS162,,,0,bin
shelf,STR,Stock Room,STR,N,S187,,STR.N,STR.NS187,,,0,bin
shelf,STR,Stock Room,STR,O,S020,,STR.O,STR.OS020,,,0,bin
shelf,STR,Stock Room,STR,O,S045,,STR.O,STR.OS045,,,0,bin
shelf,STR,Stock Room,STR,O,S070,,STR.O,STR.OS070,,,0,bin
shelf,STR,Stock Room,STR,O,S095,,STR.O,STR.OS095,,,0,bin
shelf,STR,Stock Room,STR,O,S120,,STR.O,STR.OS120,,,0,bin
shelf,STR,Stock Room,STR,O,S145,,STR.O,STR.OS145,,,0,bin
shelf,STR,Stock Room,STR,O,S170,,STR.O,STR.OS170,,,0,bin
shelf,STR,Stock Room,STR,O,S195,,STR.O,STR.OS195,,,0,bin
shelf,STR,Stock Room,STR,P,S014,,STR.P,STR.PS014,,,0,bin
shelf,STR,Stock Room,STR,P,S039,,STR.P,STR.PS039,,,0,bin
shelf,STR,Stock Room,STR,P,S064,,STR.P,STR.PS064,,,0,bin
shelf,STR,Stock Room,STR,P,S089,,STR.P,STR.PS089,,,0,bin
shelf,STR,Stock Room,STR,P,S114,,STR.P,STR.PS114,,,0,bin
shelf,STR,Stock Room,STR,P,S139,,STR.P,STR.PS139,,,0,bin
shelf,STR,Stock Room,STR,P,S164,,STR.P,STR.PS164,,,0,bin
shelf,STR,Stock Room,STR,P,S189,,STR.P,STR.PS189,,,0,bin
shelf,STR,Stock Room,STR,Q,S002,,STR.Q,STR.QS002,,,0,bin
shelf,STR,Stock Room,STR,Q,S027,,STR.Q,STR.QS027,,,0,bin
shelf,STR,Stock Room,STR,Q,S052,,STR.Q,STR.QS052,,,0,bin
shelf,STR,Stock Room,STR,Q,S077,,STR.Q,STR.QS077,,,0,bin
shelf,STR,Stock Room,STR,Q,S102,,STR.Q,STR.QS102,,,0,bin
shelf,STR,Stock Room,STR,Q,S127,,STR.Q,STR.QS127,,,0,bin
shelf,STR,Stock Room,STR,Q,S152,,STR.Q,STR.QS152,,,0,bin
shelf,STR,Stock Room,STR,Q,S177,,STR.Q,STR.QS177,,,0,bin
shelf,STR,Stock Room,STR,Q,S202,,STR.Q,STR.QS202,,,0,bin
shelf,STR,Stock Room,STR,R,S016,,STR.R,STR.RS016,,,0,bin
shelf,STR,Stock Room,STR,R,S041,,STR.R,STR.RS041,,,0,bin
shelf,STR,Stock Room,STR,R,S066,,STR.R,STR.RS066,,,0,bin
shelf,STR,Stock Room,STR,R,S091,,STR.R,STR.RS091,,,0,bin
shelf,STR,Stock Room,STR,R,S116,,STR.R,STR.RS116,,,0,bin
shelf,STR,Stock Room,STR,R,S141,,STR.R,STR.RS141,,,0,bin
shelf,STR,Stock Room,STR,R,S166,,STR.R,STR.RS166,,,0,bin
shelf,STR,Stock Room,STR,R,S191,,STR.R,STR.RS191,,,0,bin
shelf,STR,Stock Room,STR,S,S011,,STR.S,STR.SS011,,,0,bin
shelf,STR,Stock Room,STR,S,S036,,STR.S,STR.SS036,,,0,bin
shelf,STR,Stock Room,STR,S,S061,,STR.S,STR.SS061,,,0,bin
shelf,STR,Stock Room,STR,S,S086,,STR.S,STR.SS086,,,0,bin
shelf,STR,Stock Room,STR,S,S111,,STR.S,STR.SS111,,,0,bin
shelf,STR,Stock Room,STR,S,S136,,STR.S,STR.SS136,,,0,bin
shelf,STR,Stock Room,STR,S,S161,,STR.S,STR.SS161,,,0,bin
shelf,STR,Stock Room,STR,S,S186,,STR.S,STR.SS186,,,0,bin
shelf,STR,Stock Room,STR,T,S005,,STR.T,STR.TS005,,,0,bin
shelf,STR,Stock Room,STR,T,S030,,STR.T,STR.TS030,,,0,bin
shelf,STR,Stock Room,STR,T,S055,,STR.T,STR.TS055,,,0,bin
shelf,STR,Stock Room,STR,T,S080,,STR.T,STR.TS080,,,0,bin
shelf,STR,Stock Room,STR,T,S105,,STR.T,STR.TS105,,,0,bin
shelf,STR,Stock Room,STR,T,S130,,STR.T,STR.TS130,,,0,bin
shelf,STR,Stock Room,STR,T,S155,,STR.T,STR.TS155,,,0,bin
shelf,STR,Stock Room,STR,T,S180,,STR.T,STR.TS180,,,0,bin
shelf,STR,Stock Room,STR,T,S205,,STR.T,STR.TS205,,,0,bin
shelf,STR,Stock Room,STR,U,S018,,STR.U,STR.US018,,,0,bin
shelf,STR,Stock Room,STR,U,S043,,STR.U,STR.US043,,,0,bin
shelf,STR,Stock Room,STR,U,S068,,STR.U,STR.US068,,,0,bin
shelf,STR,Stock Room,STR,U,S093,,STR.U,STR.US093,,,0,bin
shelf,STR,Stock Room,STR,U,S118,,STR.U,STR.US118,,,0,bin
shelf,STR,Stock Room,STR,U,S143,,STR.U,STR.US143,,,0,bin
shelf,STR,Stock Room,STR,U,S168,,STR.U,STR.US168,,,0,bin
shelf,STR,Stock Room,STR,U,S193,,STR.U,STR.US193,,,0,bin
shelf,STR,Stock Room,STR,V,S019,,STR.V,STR.VS019,,,0,bin
shelf,STR,Stock Room,STR,V,S044,,STR.V,STR.VS044,,,0,bin
shelf,STR,Stock Room,STR,V,S069,,STR.V,STR.VS069,,,0,bin
shelf,STR,Stock Room,STR,V,S094,,STR.V,STR.VS094,,,0,bin
shelf,STR,Stock Room,STR,V,S119,,STR.V,STR.VS119,,,0,bin
shelf,STR,Stock Room,STR,V,S144,,STR.V,STR.VS144,,,0,bin
shelf,STR,Stock Room,STR,V,S169,,STR.V,STR.VS169,,,0,bin
shelf,STR,Stock Room,STR,V,S194,,STR.V,STR.VS194,,,0,bin
shelf,STR,Stock Room,STR,W,S008,,STR.W,STR.WS008,,,0,bin
shelf,STR,Stock Room,STR,W,S033,,STR.W,STR.WS033,,,0,bin
shelf,STR,Stock Room,STR,W,S058,,STR.W,STR.WS058,,,0,bin
shelf,STR,Stock Room,STR,W,S083,,STR.W,STR.WS083,,,0,bin
shelf,STR,Stock Room,STR,W,S108,,STR.W,STR.WS108,,,0,bin
shelf,STR,Stock Room,STR,W,S133,,STR.W,STR.WS133,,,0,bin
shelf,STR,Stock Room,STR,W,S158,,STR.W,STR.WS158,,,0,bin
shelf,STR,Stock Room,STR,W,S183,,STR.W,STR.WS183,,,0,bin
shelf,STR,Stock Room,STR,W,S208,,STR.W,STR.WS208,,,0,bin
shelf,STR,Stock Room,STR,X,S021,,STR.X,STR.XS021,,,0,bin
shelf,STR,Stock Room,STR,X,S046,,STR.X,STR.XS046,,,0,bin
shelf,STR,Stock Room,STR,X,S071,,STR.X,STR.XS071,,,0,bin
shelf,STR,Stock Room,STR,X,S096,,STR.X,STR.XS096,,,0,bin
shelf,STR,Stock Room,STR,X,S121,,STR.X,STR.XS121,,,0,bin
shelf,STR,Stock Room,STR,X,S146,,STR.X,STR.XS146,,,0,bin
shelf,STR,Stock Room,STR,X,S171,,STR.X,STR.XS171,,,0,bin
shelf,STR,Stock Room,STR,X,S196,,STR.X,STR.XS196,,,0,bin
shelf,STR,Stock Room,STR,Y,S015,,STR.Y,STR.YS015,,,0,bin
shelf,STR,Stock Room,STR,Y,S040,,STR.Y,STR.YS040,,,0,bin
shelf,STR,Stock Room,STR,Y,S065,,STR.Y,STR.YS065,,,0,bin
shelf,STR,Stock Room,STR,Y,S090,,STR.Y,STR.YS090,,,0,bin
shelf,STR,Stock Room,STR,Y,S115,,STR.Y,STR.YS115,,,0,bin
shelf,STR,Stock Room,STR,Y,S140,,STR.Y,STR.YS140,,,0,bin
shelf,STR,Stock Room,STR,Y,S165,,STR.Y,STR.YS165,,,0,bin
shelf,STR,Stock Room,STR,Y,S190,,STR.Y,STR.YS190,,,0,bin
zone,STR,Stock Room,STR,A,,,STR.A,,,,0,bin
zone,STR,Stock Room,STR,B,,,STR.B,,,,0,bin
zone,STR,Stock Room,STR,C,,,STR.C,,,,0,bin
zone,STR,Stock Room,STR,D,,,STR.D,,,,0,bin
zone,STR,Stock Room,STR,E,,,STR.E,,,,0,bin
zone,STR,Stock Room,STR,F,,,STR.F,,,,0,bin
zone,STR,Stock Room,STR,FG,,,Z.STR.FG,,,,0,bin
zone,STR,Stock Room,STR,G,,,STR.G,,,,0,bin
zone,STR,Stock Room,STR,H,,,STR.H,,,,0,bin
zone,STR,Stock Room,STR,I,,,STR.I,,,,0,bin
zone,STR,Stock Room,STR,J,,,STR.J,,,,0,bin
zone,STR,Stock Room,STR,K,,,STR.K,,,,0,bin
zone,STR,Stock Room,STR,L,,,STR.L,,,,0,bin
zone,STR,Stock Room,STR,LINE,,,Z.STR.LINE,,,,0,bin
zone,STR,Stock Room,STR,M,,,STR.M,,,,0,bin
zone,STR,Stock Room,STR,N,,,STR.N,,,,0,bin
zone,STR,Stock Room,STR,O,,,STR.O,,,,0,bin
zone,STR,Stock Room,STR,P,,,STR.P,,,,0,bin
zone,STR,Stock Room,STR,Q,,,STR.Q,,,,0,bin
zone,STR,Stock Room,STR,R,,,STR.R,,,,0,bin
zone,STR,Stock Room,STR,S,,,STR.S,,,,0,bin
zone,STR,Stock Room,STR,T,,,STR.T,,,,0,bin
zone,STR,Stock Room,STR,U,,,STR.U,,,,0,bin
zone,STR,Stock Room,STR,V,,,STR.V,,,,0,bin
zone,STR,Stock Room,STR,W,,,STR.W,,,,0,bin
zone,STR,Stock Room,STR,X,,,STR.X,,,,0,bin
zone,STR,Stock Room,STR,Y,,,STR.Y,,,,0,bin
shelf,WH-DATE,Date Room,DTE,A,S01,,DTE.A,DTE.AS01,,,0,layout
shelf,WH-DATE,Date Room,DTE,A,S02,,DTE.A,DTE.AS02,,,0,layout
shelf,WH-DATE,Date Room,DTE,A,S03,,DTE.A,DTE.AS03,,,0,layout
shelf,WH-DATE,Date Room,DTE,A,S04,,DTE.A,DTE.AS04,,,0,layout
shelf,WH-DATE,Date Room,DTE,A,S05,,DTE.A,DTE.AS05,,,0,layout
shelf,WH-DATE,Date Room,DTE,A,S06,,DTE.A,DTE.AS06,,,0,layout
shelf,WH-DATE,Date Room,DTE,A,S07,,DTE.A,DTE.AS07,,,0,layout
shelf,WH-DATE,Date Room,DTE,A,S08,,DTE.A,DTE.AS08,,,0,layout
shelf,WH-DATE,Date Room,DTE,A,S09,,DTE.A,DTE.AS09,,,0,layout
shelf,WH-DATE,Date Room,DTE,A,S10,,DTE.A,DTE.AS10,,,0,layout
shelf,WH-DATE,Date Room,DTE,A,S11,,DTE.A,DTE.AS11,,,0,layout
shelf,WH-DATE,Date Room,DTE,A,S12,,DTE.A,DTE.AS12,,,0,layout
shelf,WH-DATE,Date Room,DTE,A,S13,,DTE.A,DTE.AS13,,,0,layout
shelf,WH-DATE,Date Room,DTE,A,S14,,DTE.A,DTE.AS14,,,0,layout
shelf,WH-DATE,Date Room,DTE,A,S15,,DTE.A,DTE.AS15,,,0,layout
shelf,WH-DATE,Date Room,DTE,A,S16,,DTE.A,DTE.AS16,,,0,layout
zone,WH-DATE,Date Room,DTE,A,,,DTE.A,,,,0,layout
bin,WH-FARM,Farm Shop,FSH,A,S01,01,FSH.A,FSH.AS01,FSH.AS01.01,KSME,1234,bin
bin,WH-FARM,Farm Shop,FSH,A,S01,02,FSH.A,FSH.AS01,FSH.AS01.02,NLAD,1234,bin
bin,WH-FARM,Farm Shop,FSH,A,S01,03,FSH.A,FSH.AS01,FSH.AS01.03,CKGN,1234,bin
bin,WH-FARM,Farm Shop,FSH,A,S01,04,FSH.A,FSH.AS01,FSH.AS01.04,,0,bin
bin,WH-FARM,Farm Shop,FSH,A,S01,05,FSH.A,FSH.AS01,FSH.AS01.05,,0,bin
bin,WH-FARM,Farm Shop,FSH,A,S01,06,FSH.A,FSH.AS01,FSH.AS01.06,,0,bin
bin,WH-FARM,Farm Shop,FSH,A,S02,01,FSH.A,FSH.AS02,FSH.AS02.01,,0,bin
bin,WH-FARM,Farm Shop,FSH,A,S02,02,FSH.A,FSH.AS02,FSH.AS02.02,,0,bin
bin,WH-FARM,Farm Shop,FSH,A,S02,03,FSH.A,FSH.AS02,FSH.AS02.03,,0,bin
bin,WH-FARM,Farm Shop,FSH,A,S02,04,FSH.A,FSH.AS02,FSH.AS02.04,,0,bin
bin,WH-FARM,Farm Shop,FSH,A,S02,05,FSH.A,FSH.AS02,FSH.AS02.05,,0,bin
bin,WH-FARM,Farm Shop,FSH,A,S02,06,FSH.A,FSH.AS02,FSH.AS02.06,,0,bin
bin,WH-FARM,Farm Shop,FSH,A,S03,01,FSH.A,FSH.AS03,FSH.AS03.01,,0,bin
bin,WH-FARM,Farm Shop,FSH,A,S03,02,FSH.A,FSH.AS03,FSH.AS03.02,,0,bin
bin,WH-FARM,Farm Shop,FSH,A,S03,03,FSH.A,FSH.AS03,FSH.AS03.03,,0,bin
bin,WH-FARM,Farm Shop,FSH,A,S03,04,FSH.A,FSH.AS03,FSH.AS03.04,,0,bin
bin,WH-FARM,Farm Shop,FSH,A,S03,05,FSH.A,FSH.AS03,FSH.AS03.05,,0,bin
bin,WH-FARM,Farm Shop,FSH,A,S03,06,FSH.A,FSH.AS03,FSH.AS03.06,,0,bin
bin,WH-FARM,Farm Shop,FSH,A,S04,01,FSH.A,FSH.AS04,FSH.AS04.01,,0,bin
bin,WH-FARM,Farm Shop,FSH,A,S04,02,FSH.A,FSH.AS04,FSH.AS04.02,,0,bin
bin,WH-FARM,Farm Shop,FSH,A,S04,03,FSH.A,FSH.AS04,FSH.AS04.03,,0,bin
bin,WH-FARM,Farm Shop,FSH,A,S04,04,FSH.A,FSH.AS04,FSH.AS04.04,,0,bin
bin,WH-FARM,Farm Shop,FSH,A,S05,01,FSH.A,FSH.AS05,FSH.AS05.01,,0,bin
bin,WH-FARM,Farm Shop,FSH,A,S05,02,FSH.A,FSH.AS05,FSH.AS05.02,,0,bin
bin,WH-FARM,Farm Shop,FSH,A,S05,03,FSH.A,FSH.AS05,FSH.AS05.03,,0,bin
bin,WH-FARM,Farm Shop,FSH,A,S05,04,FSH.A,FSH.AS05,FSH.AS05.04,,0,bin
bin,WH-FARM,Farm Shop,FSH,A,S06,01,FSH.A,FSH.AS06,FSH.AS06.01,,0,bin
bin,WH-FARM,Farm Shop,FSH,A,S06,02,FSH.A,FSH.AS06,FSH.AS06.02,,0,bin
bin,WH-FARM,Farm Shop,FSH,A,S07,01,FSH.A,FSH.AS07,FSH.AS07.01,,0,bin
bin,WH-FARM,Farm Shop,FSH,A,S07,02,FSH.A,FSH.AS07,FSH.AS07.02,,0,bin
bin,WH-FARM,Farm Shop,FSH,A,S07,03,FSH.A,FSH.AS07,FSH.AS07.03,,0,bin
bin,WH-FARM,Farm Shop,FSH,A,S07,04,FSH.A,FSH.AS07,FSH.AS07.04,,0,bin
bin,WH-FARM,Farm Shop,FSH,A,S08,01,FSH.A,FSH.AS08,FSH.AS08.01,,0,bin
bin,WH-FARM,Farm Shop,FSH,A,S08,02,FSH.A,FSH.AS08,FSH.AS08.02,,0,bin
bin,WH-FARM,Farm Shop,FSH,A,S08,03,FSH.A,FSH.AS08,FSH.AS08.03,,0,bin
bin,WH-FARM,Farm Shop,FSH,A,S08,04,FSH.A,FSH.AS08,FSH.AS08.04,,0,bin
bin,WH-FARM,Farm Shop,FSH,A,S09,01,FSH.A,FSH.AS09,FSH.AS09.01,,0,bin
bin,WH-FARM,Farm Shop,FSH,A,S09,02,FSH.A,FSH.AS09,FSH.AS09.02,,0,bin
bin,WH-FARM,Farm Shop,FSH,A,S09,03,FSH.A,FSH.AS09,FSH.AS09.03,,0,bin
bin,WH-FARM,Farm Shop,FSH,A,S09,04,FSH.A,FSH.AS09,FSH.AS09.04,,0,bin
bin,WH-FARM,Farm Shop,FSH,A,S10,01,FSH.A,FSH.AS10,FSH.AS10.01,,0,bin
bin,WH-FARM,Farm Shop,FSH,A,S10,02,FSH.A,FSH.AS10,FSH.AS10.02,,0,bin
bin,WH-FARM,Farm Shop,FSH,A,S10,03,FSH.A,FSH.AS10,FSH.AS10.03,,0,bin
bin,WH-FARM,Farm Shop,FSH,A,S10,04,FSH.A,FSH.AS10,FSH.AS10.04,,0,bin
bin,WH-FARM,Farm Shop,FSH,A,S11,01,FSH.A,FSH.AS11,FSH.AS11.01,,0,bin
bin,WH-FARM,Farm Shop,FSH,A,S11,02,FSH.A,FSH.AS11,FSH.AS11.02,,0,bin
bin,WH-FARM,Farm Shop,FSH,A,S11,03,FSH.A,FSH.AS11,FSH.AS11.03,,0,bin
bin,WH-FARM,Farm Shop,FSH,A,S11,04,FSH.A,FSH.AS11,FSH.AS11.04,,0,bin
bin,WH-FARM,Farm Shop,FSH,A,S12,01,FSH.A,FSH.AS12,FSH.AS12.01,,0,bin
bin,WH-FARM,Farm Shop,FSH,A,S12,02,FSH.A,FSH.AS12,FSH.AS12.02,,0,bin
bin,WH-FARM,Farm Shop,FSH,A,S12,03,FSH.A,FSH.AS12,FSH.AS12.03,,0,bin
bin,WH-FARM,Farm Shop,FSH,A,S12,04,FSH.A,FSH.AS12,FSH.AS12.04,,0,bin
bin,WH-FARM,Farm Shop,FSH,A,S13,01,FSH.A,FSH.AS13,FSH.AS13.01,,0,bin
bin,WH-FARM,Farm Shop,FSH,A,S13,02,FSH.A,FSH.AS13,FSH.AS13.02,,0,bin
bin,WH-FARM,Farm Shop,FSH,A,S14,01,FSH.A,FSH.AS14,FSH.AS14.01,,0,bin
bin,WH-FARM,Farm Shop,FSH,A,S14,02,FSH.A,FSH.AS14,FSH.AS14.02,,0,bin
bin,WH-FARM,Farm Shop,FSH,A,S14,03,FSH.A,FSH.AS14,FSH.AS14.03,,0,bin
bin,WH-FARM,Farm Shop,FSH,A,S14,04,FSH.A,FSH.AS14,FSH.AS14.04,,0,bin
bin,WH-FARM,Farm Shop,FSH,A,S14,05,FSH.A,FSH.AS14,FSH.AS14.05,,0,bin
bin,WH-FARM,Farm Shop,FSH,A,S14,06,FSH.A,FSH.AS14,FSH.AS14.06,,0,bin
bin,WH-FARM,Farm Shop,FSH,A,S15,01,FSH.A,FSH.AS15,FSH.AS15.01,,0,bin
bin,WH-FARM,Farm Shop,FSH,A,S15,02,FSH.A,FSH.AS15,FSH.AS15.02,,0,bin
bin,WH-FARM,Farm Shop,FSH,A,S15,03,FSH.A,FSH.AS15,FSH.AS15.03,,0,bin
bin,WH-FARM,Farm Shop,FSH,A,S16,01,FSH.A,FSH.AS16,FSH.AS16.01,,0,bin
bin,WH-FARM,Farm Shop,FSH,A,S16,02,FSH.A,FSH.AS16,FSH.AS16.02,,0,bin
bin,WH-FARM,Farm Shop,FSH,A,S16,03,FSH.A,FSH.AS16,FSH.AS16.03,,0,bin
bin,WH-FARM,Farm Shop,FSH,A,S16,04,FSH.A,FSH.AS16,FSH.AS16.04,,0,bin
bin,WH-FARM,Farm Shop,FSH,A,S16,05,FSH.A,FSH.AS16,FSH.AS16.05,,0,bin
bin,WH-FARM,Farm Shop,FSH,A,S16,06,FSH.A,FSH.AS16,FSH.AS16.06,,0,bin
bin,WH-FARM,Farm Shop,FSH,A,S17,01,FSH.A,FSH.AS17,FSH.AS17.01,,0,bin
bin,WH-FARM,Farm Shop,FSH,A,S17,02,FSH.A,FSH.AS17,FSH.AS17.02,,0,bin
bin,WH-FARM,Farm Shop,FSH,A,S17,03,FSH.A,FSH.AS17,FSH.AS17.03,,0,bin
bin,WH-FARM,Farm Shop,FSH,A,S17,04,FSH.A,FSH.AS17,FSH.AS17.04,,0,bin
bin,WH-FARM,Farm Shop,FSH,A,S18,01,FSH.A,FSH.AS18,FSH.AS18.01,,0,bin
bin,WH-FARM,Farm Shop,FSH,A,S18,02,FSH.A,FSH.AS18,FSH.AS18.02,,0,bin
bin,WH-FARM,Farm Shop,FSH,A,S18,03,FSH.A,FSH.AS18,FSH.AS18.03,,0,bin
bin,WH-FARM,Farm Shop,FSH,A,S18,04,FSH.A,FSH.AS18,FSH.AS18.04,,0,bin
bin,WH-FARM,Farm Shop,FSH,A,S19,01,FSH.A,FSH.AS19,FSH.AS19.01,,0,bin
bin,WH-FARM,Farm Shop,FSH,A,S19,02,FSH.A,FSH.AS19,FSH.AS19.02,,0,bin
bin,WH-FARM,Farm Shop,FSH,A,S19,03,FSH.A,FSH.AS19,FSH.AS19.03,,0,bin
bin,WH-FARM,Farm Shop,FSH,A,S19,04,FSH.A,FSH.AS19,FSH.AS19.04,,0,bin
bin,WH-FARM,Farm Shop,FSH,A,S19,05,FSH.A,FSH.AS19,FSH.AS19.05,,0,bin
bin,WH-FARM,Farm Shop,FSH,A,S19,06,FSH.A,FSH.AS19,FSH.AS19.06,,0,bin
bin,WH-FARM,Farm Shop,FSH,A,S20,01,FSH.A,FSH.AS20,FSH.AS20.01,,0,bin
bin,WH-FARM,Farm Shop,FSH,A,S20,02,FSH.A,FSH.AS20,FSH.AS20.02,,0,bin
bin,WH-FARM,Farm Shop,FSH,A,S20,03,FSH.A,FSH.AS20,FSH.AS20.03,,0,bin
bin,WH-FARM,Farm Shop,FSH,A,S20,04,FSH.A,FSH.AS20,FSH.AS20.04,,0,bin
bin,WH-FARM,Farm Shop,FSH,A,S20,05,FSH.A,FSH.AS20,FSH.AS20.05,,0,bin
bin,WH-FARM,Farm Shop,FSH,A,S20,06,FSH.A,FSH.AS20,FSH.AS20.06,,0,bin
bin,WH-FARM,Farm Shop,FSH,A,S21,01,FSH.A,FSH.AS21,FSH.AS21.01,,0,bin
bin,WH-FARM,Farm Shop,FSH,A,S21,02,FSH.A,FSH.AS21,FSH.AS21.02,,0,bin
bin,WH-FARM,Farm Shop,FSH,A,S21,03,FSH.A,FSH.AS21,FSH.AS21.03,,0,bin
bin,WH-FARM,Farm Shop,FSH,A,S21,04,FSH.A,FSH.AS21,FSH.AS21.04,,0,bin
bin,WH-FARM,Farm Shop,FSH,A,S21,05,FSH.A,FSH.AS21,FSH.AS21.05,,0,bin
bin,WH-FARM,Farm Shop,FSH,A,S21,06,FSH.A,FSH.AS21,FSH.AS21.06,,0,bin
bin,WH-FARM,Farm Shop,FSH,A,S22,01,FSH.A,FSH.AS22,FSH.AS22.01,,0,bin
bin,WH-FARM,Farm Shop,FSH,A,S22,02,FSH.A,FSH.AS22,FSH.AS22.02,,0,bin
bin,WH-FARM,Farm Shop,FSH,A,S22,03,FSH.A,FSH.AS22,FSH.AS22.03,,0,bin
bin,WH-FARM,Farm Shop,FSH,A,S22,04,FSH.A,FSH.AS22,FSH.AS22.04,,0,bin
bin,WH-FARM,Farm Shop,FSH,A,S22,05,FSH.A,FSH.AS22,FSH.AS22.05,,0,bin
bin,WH-FARM,Farm Shop,FSH,A,S22,06,FSH.A,FSH.AS22,FSH.AS22.06,,0,bin
bin,WH-FARM,Farm Shop,FSH,A,S23,01,FSH.A,FSH.AS23,FSH.AS23.01,,0,bin
bin,WH-FARM,Farm Shop,FSH,A,S23,02,FSH.A,FSH.AS23,FSH.AS23.02,,0,bin
bin,WH-FARM,Farm Shop,FSH,A,S23,03,FSH.A,FSH.AS23,FSH.AS23.03,,0,bin
bin,WH-FARM,Farm Shop,FSH,A,S23,04,FSH.A,FSH.AS23,FSH.AS23.04,,0,bin
bin,WH-FARM,Farm Shop,FSH,A,S23,05,FSH.A,FSH.AS23,FSH.AS23.05,,0,bin
bin,WH-FARM,Farm Shop,FSH,A,S23,06,FSH.A,FSH.AS23,FSH.AS23.06,,0,bin
bin,WH-FARM,Farm Shop,FSH,A,S24,01,FSH.A,FSH.AS24,FSH.AS24.01,,0,bin
bin,WH-FARM,Farm Shop,FSH,A,S24,02,FSH.A,FSH.AS24,FSH.AS24.02,,0,bin
bin,WH-FARM,Farm Shop,FSH,A,S24,03,FSH.A,FSH.AS24,FSH.AS24.03,,0,bin
bin,WH-FARM,Farm Shop,FSH,A,S24,04,FSH.A,FSH.AS24,FSH.AS24.04,,0,bin
bin,WH-FARM,Farm Shop,FSH,A,S24,05,FSH.A,FSH.AS24,FSH.AS24.05,,0,bin
bin,WH-FARM,Farm Shop,FSH,A,S24,06,FSH.A,FSH.AS24,FSH.AS24.06,,0,bin
bin,WH-FARM,Farm Shop,FSH,A,S25,01,FSH.A,FSH.AS25,FSH.AS25.01,,0,bin
bin,WH-FARM,Farm Shop,FSH,A,S25,02,FSH.A,FSH.AS25,FSH.AS25.02,,0,bin
bin,WH-FARM,Farm Shop,FSH,A,S25,03,FSH.A,FSH.AS25,FSH.AS25.03,,0,bin
bin,WH-FARM,Farm Shop,FSH,A,S25,04,FSH.A,FSH.AS25,FSH.AS25.04,,0,bin
bin,WH-FARM,Farm Shop,FSH,A,S25,05,FSH.A,FSH.AS25,FSH.AS25.05,,0,bin
bin,WH-FARM,Farm Shop,FSH,A,S25,06,FSH.A,FSH.AS25,FSH.AS25.06,,0,bin
shelf,WH-FARM,Farm Shop,FSH,A,S01,,FSH.A,FSH.AS01,,,0,bin
shelf,WH-FARM,Farm Shop,FSH,A,S02,,FSH.A,FSH.AS02,,,0,bin
shelf,WH-FARM,Farm Shop,FSH,A,S03,,FSH.A,FSH.AS03,,,0,bin
shelf,WH-FARM,Farm Shop,FSH,A,S04,,FSH.A,FSH.AS04,,,0,bin
shelf,WH-FARM,Farm Shop,FSH,A,S05,,FSH.A,FSH.AS05,,,0,bin
shelf,WH-FARM,Farm Shop,FSH,A,S06,,FSH.A,FSH.AS06,,,0,bin
shelf,WH-FARM,Farm Shop,FSH,A,S07,,FSH.A,FSH.AS07,,,0,bin
shelf,WH-FARM,Farm Shop,FSH,A,S08,,FSH.A,FSH.AS08,,,0,bin
shelf,WH-FARM,Farm Shop,FSH,A,S09,,FSH.A,FSH.AS09,,,0,bin
shelf,WH-FARM,Farm Shop,FSH,A,S10,,FSH.A,FSH.AS10,,,0,bin
shelf,WH-FARM,Farm Shop,FSH,A,S11,,FSH.A,FSH.AS11,,,0,bin
shelf,WH-FARM,Farm Shop,FSH,A,S12,,FSH.A,FSH.AS12,,,0,bin
shelf,WH-FARM,Farm Shop,FSH,A,S13,,FSH.A,FSH.AS13,,,0,bin
shelf,WH-FARM,Farm Shop,FSH,A,S14,,FSH.A,FSH.AS14,,,0,bin
shelf,WH-FARM,Farm Shop,FSH,A,S15,,FSH.A,FSH.AS15,,,0,bin
shelf,WH-FARM,Farm Shop,FSH,A,S16,,FSH.A,FSH.AS16,,,0,bin
shelf,WH-FARM,Farm Shop,FSH,A,S17,,FSH.A,FSH.AS17,,,0,bin
shelf,WH-FARM,Farm Shop,FSH,A,S18,,FSH.A,FSH.AS18,,,0,bin
shelf,WH-FARM,Farm Shop,FSH,A,S19,,FSH.A,FSH.AS19,,,0,bin
shelf,WH-FARM,Farm Shop,FSH,A,S20,,FSH.A,FSH.AS20,,,0,bin
shelf,WH-FARM,Farm Shop,FSH,A,S21,,FSH.A,FSH.AS21,,,0,bin
shelf,WH-FARM,Farm Shop,FSH,A,S22,,FSH.A,FSH.AS22,,,0,bin
shelf,WH-FARM,Farm Shop,FSH,A,S23,,FSH.A,FSH.AS23,,,0,bin
shelf,WH-FARM,Farm Shop,FSH,A,S24,,FSH.A,FSH.AS24,,,0,bin
shelf,WH-FARM,Farm Shop,FSH,A,S25,,FSH.A,FSH.AS25,,,0,bin
zone,WH-FARM,Farm Shop,FSH,A,,,FSH.A,,,,0,bin
shelf,WH-GDNW,New Godown,GDW,A,S01,,GDW.A,GDW.AS01,,,0,layout
shelf,WH-GDNW,New Godown,GDW,A,S02,,GDW.A,GDW.AS02,,,0,layout
shelf,WH-GDNW,New Godown,GDW,A,S03,,GDW.A,GDW.AS03,,,0,layout
shelf,WH-GDNW,New Godown,GDW,A,S04,,GDW.A,GDW.AS04,,,0,layout
shelf,WH-GDNW,New Godown,GDW,A,S05,,GDW.A,GDW.AS05,,,0,layout
shelf,WH-GDNW,New Godown,GDW,A,S06,,GDW.A,GDW.AS06,,,0,layout
shelf,WH-GDNW,New Godown,GDW,A,S07,,GDW.A,GDW.AS07,,,0,layout
shelf,WH-GDNW,New Godown,GDW,A,S08,,GDW.A,GDW.AS08,,,0,layout
shelf,WH-GDNW,New Godown,GDW,A,S09,,GDW.A,GDW.AS09,,,0,layout
shelf,WH-GDNW,New Godown,GDW,A,S10,,GDW.A,GDW.AS10,,,0,layout
shelf,WH-GDNW,New Godown,GDW,A,S11,,GDW.A,GDW.AS11,,,0,layout
shelf,WH-GDNW,New Godown,GDW,A,S12,,GDW.A,GDW.AS12,,,0,layout
shelf,WH-GDNW,New Godown,GDW,A,S13,,GDW.A,GDW.AS13,,,0,layout
shelf,WH-GDNW,New Godown,GDW,A,S14,,GDW.A,GDW.AS14,,,0,layout
shelf,WH-GDNW,New Godown,GDW,A,S15,,GDW.A,GDW.AS15,,,0,layout
shelf,WH-GDNW,New Godown,GDW,A,S16,,GDW.A,GDW.AS16,,,0,layout
shelf,WH-GDNW,New Godown,GDW,A,S17,,GDW.A,GDW.AS17,,,0,layout
shelf,WH-GDNW,New Godown,GDW,A,S18,,GDW.A,GDW.AS18,,,0,layout
shelf,WH-GDNW,New Godown,GDW,A,S19,,GDW.A,GDW.AS19,,,0,layout
shelf,WH-GDNW,New Godown,GDW,A,S20,,GDW.A,GDW.AS20,,,0,layout
shelf,WH-GDNW,New Godown,GDW,A,S21,,GDW.A,GDW.AS21,,,0,layout
shelf,WH-GDNW,New Godown,GDW,A,S22,,GDW.A,GDW.AS22,,,0,layout
shelf,WH-GDNW,New Godown,GDW,A,S23,,GDW.A,GDW.AS23,,,0,layout
shelf,WH-GDNW,New Godown,GDW,A,S24,,GDW.A,GDW.AS24,,,0,layout
shelf,WH-GDNW,New Godown,GDW,A,S25,,GDW.A,GDW.AS25,,,0,layout
shelf,WH-GDNW,New Godown,GDW,A,S26,,GDW.A,GDW.AS26,,,0,layout
shelf,WH-GDNW,New Godown,GDW,A,S27,,GDW.A,GDW.AS27,,,0,layout
shelf,WH-GDNW,New Godown,GDW,A,S28,,GDW.A,GDW.AS28,,,0,layout
zone,WH-GDNW,New Godown,GDW,A,,,GDW.A,,,,0,layout
shelf,WH-GLASS,Glass Bottle Room,GLS,A,S01,,GLS.A,GLS.AS01,,,0,layout
shelf,WH-GLASS,Glass Bottle Room,GLS,A,S02,,GLS.A,GLS.AS02,,,0,layout
shelf,WH-GLASS,Glass Bottle Room,GLS,A,S03,,GLS.A,GLS.AS03,,,0,layout
shelf,WH-GLASS,Glass Bottle Room,GLS,A,S04,,GLS.A,GLS.AS04,,,0,layout
shelf,WH-GLASS,Glass Bottle Room,GLS,A,S05,,GLS.A,GLS.AS05,,,0,layout
shelf,WH-GLASS,Glass Bottle Room,GLS,A,S06,,GLS.A,GLS.AS06,,,0,layout
shelf,WH-GLASS,Glass Bottle Room,GLS,A,S07,,GLS.A,GLS.AS07,,,0,layout
shelf,WH-GLASS,Glass Bottle Room,GLS,A,S08,,GLS.A,GLS.AS08,,,0,layout
shelf,WH-GLASS,Glass Bottle Room,GLS,A,S09,,GLS.A,GLS.AS09,,,0,layout
shelf,WH-GLASS,Glass Bottle Room,GLS,A,S10,,GLS.A,GLS.AS10,,,0,layout
shelf,WH-GLASS,Glass Bottle Room,GLS,A,S11,,GLS.A,GLS.AS11,,,0,layout
shelf,WH-GLASS,Glass Bottle Room,GLS,A,S12,,GLS.A,GLS.AS12,,,0,layout
shelf,WH-GLASS,Glass Bottle Room,GLS,A,S13,,GLS.A,GLS.AS13,,,0,layout
shelf,WH-GLASS,Glass Bottle Room,GLS,A,S14,,GLS.A,GLS.AS14,,,0,layout
zone,WH-GLASS,Glass Bottle Room,GLS,A,,,GLS.A,,,,0,layout
bin,WH-PROD-FLOUR,Flour Mill — Production WH,PFL,FG,01,01,Z.WH-PROD-FLOUR.FG,PFL.FG.01,PFL.FG.01.01,,0,bin
bin,WH-PROD-FLOUR,Flour Mill — Production WH,PFL,LINE,01,01,Z.WH-PROD-FLOUR.LINE,PFL.LINE.01,PFL.LINE.01.01,,0,bin
shelf,WH-PROD-FLOUR,Flour Mill — Production WH,PFL,FG,01,,Z.WH-PROD-FLOUR.FG,PFL.FG.01,,,0,bin
shelf,WH-PROD-FLOUR,Flour Mill — Production WH,PFL,LINE,01,,Z.WH-PROD-FLOUR.LINE,PFL.LINE.01,,,0,bin
zone,WH-PROD-FLOUR,Flour Mill — Production WH,PFL,FG,,,Z.WH-PROD-FLOUR.FG,,,,0,bin
zone,WH-PROD-FLOUR,Flour Mill — Production WH,PFL,LINE,,,Z.WH-PROD-FLOUR.LINE,,,,0,bin
bin,WH-PROD-MILL,Milling Room — Production WH,PML,FG,01,01,Z.WH-PROD-MILL.FG,PML.FG.01,PML.FG.01.01,,0,bin
bin,WH-PROD-MILL,Milling Room — Production WH,PML,LINE,01,01,Z.WH-PROD-MILL.LINE,PML.LINE.01,PML.LINE.01.01,,0,bin
shelf,WH-PROD-MILL,Milling Room — Production WH,PML,FG,01,,Z.WH-PROD-MILL.FG,PML.FG.01,,,0,bin
shelf,WH-PROD-MILL,Milling Room — Production WH,PML,LINE,01,,Z.WH-PROD-MILL.LINE,PML.LINE.01,,,0,bin
zone,WH-PROD-MILL,Milling Room — Production WH,PML,FG,,,Z.WH-PROD-MILL.FG,,,,0,bin
zone,WH-PROD-MILL,Milling Room — Production WH,PML,LINE,,,Z.WH-PROD-MILL.LINE,,,,0,bin
bin,WH-PROD-OIL,Oil Extraction — Local storage,POL,FG,01,01,Z.WH-PROD-OIL.FG,POL.FG.01,POL.FG.01.01,,0,bin
bin,WH-PROD-OIL,Oil Extraction — Local storage,POL,LINE,01,01,Z.WH-PROD-OIL.LINE,POL.LINE.01,POL.LINE.01.01,,0,bin
shelf,WH-PROD-OIL,Oil Extraction — Local storage,POL,FG,01,,Z.WH-PROD-OIL.FG,POL.FG.01,,,0,bin
shelf,WH-PROD-OIL,Oil Extraction — Local storage,POL,LINE,01,,Z.WH-PROD-OIL.LINE,POL.LINE.01,,,0,bin
zone,WH-PROD-OIL,Oil Extraction — Local storage,POL,FG,,,Z.WH-PROD-OIL.FG,,,,0,bin
zone,WH-PROD-OIL,Oil Extraction — Local storage,POL,LINE,,,Z.WH-PROD-OIL.LINE,,,,0,bin
bin,WH-PROD-SNACKS,Snacks Room — Production WH,PSK,FG,01,01,Z.WH-PROD-SNACKS.FG,PSK.FG.01,PSK.FG.01.01,,0,bin
bin,WH-PROD-SNACKS,Snacks Room — Production WH,PSK,LINE,01,01,Z.WH-PROD-SNACKS.LINE,PSK.LINE.01,PSK.LINE.01.01,,0,bin
shelf,WH-PROD-SNACKS,Snacks Room — Production WH,PSK,FG,01,,Z.WH-PROD-SNACKS.FG,PSK.FG.01,,,0,bin
shelf,WH-PROD-SNACKS,Snacks Room — Production WH,PSK,LINE,01,,Z.WH-PROD-SNACKS.LINE,PSK.LINE.01,,,0,bin
zone,WH-PROD-SNACKS,Snacks Room — Production WH,PSK,FG,,,Z.WH-PROD-SNACKS.FG,,,,0,bin
zone,WH-PROD-SNACKS,Snacks Room — Production WH,PSK,LINE,,,Z.WH-PROD-SNACKS.LINE,,,,0,bin
bin,WH-PROD-SOAP,Soap Room — Production WH,WSP,A,S01,01,WSP.A,WSP.AS01,WSP.AS01.01,RAJWN,40,bin
bin,WH-PROD-SOAP,Soap Room — Production WH,WSP,A,S02,01,WSP.A,WSP.AS02,WSP.AS02.01,,0,bin
bin,WH-PROD-SOAP,Soap Room — Production WH,WSP,A,S02,02,WSP.A,WSP.AS02,WSP.AS02.02,,0,bin
bin,WH-PROD-SOAP,Soap Room — Production WH,WSP,A,S02,03,WSP.A,WSP.AS02,WSP.AS02.03,,0,bin
bin,WH-PROD-SOAP,Soap Room — Production WH,WSP,A,S02,04,WSP.A,WSP.AS02,WSP.AS02.04,,0,bin
bin,WH-PROD-SOAP,Soap Room — Production WH,WSP,A,S02,05,WSP.A,WSP.AS02,WSP.AS02.05,,0,bin
bin,WH-PROD-SOAP,Soap Room — Production WH,WSP,A,S03,01,WSP.A,WSP.AS03,WSP.AS03.01,,0,bin
bin,WH-PROD-SOAP,Soap Room — Production WH,WSP,A,S03,02,WSP.A,WSP.AS03,WSP.AS03.02,,0,bin
bin,WH-PROD-SOAP,Soap Room — Production WH,WSP,A,S04,01,WSP.A,WSP.AS04,WSP.AS04.01,,0,bin
bin,WH-PROD-SOAP,Soap Room — Production WH,WSP,A,S04,02,WSP.A,WSP.AS04,WSP.AS04.02,,0,bin
bin,WH-PROD-SOAP,Soap Room — Production WH,WSP,A,S04,03,WSP.A,WSP.AS04,WSP.AS04.03,,0,bin
bin,WH-PROD-SOAP,Soap Room — Production WH,WSP,A,S04,04,WSP.A,WSP.AS04,WSP.AS04.04,,0,bin
bin,WH-PROD-SOAP,Soap Room — Production WH,WSP,A,S04,05,WSP.A,WSP.AS04,WSP.AS04.05,,0,bin
bin,WH-PROD-SOAP,Soap Room — Production WH,WSP,A,S04,06,WSP.A,WSP.AS04,WSP.AS04.06,,0,bin
bin,WH-PROD-SOAP,Soap Room — Production WH,WSP,A,S04,07,WSP.A,WSP.AS04,WSP.AS04.07,,0,bin
bin,WH-PROD-SOAP,Soap Room — Production WH,WSP,A,S04,08,WSP.A,WSP.AS04,WSP.AS04.08,,0,bin
bin,WH-PROD-SOAP,Soap Room — Production WH,WSP,A,S04,09,WSP.A,WSP.AS04,WSP.AS04.09,,0,bin
bin,WH-PROD-SOAP,Soap Room — Production WH,WSP,A,S04,10,WSP.A,WSP.AS04,WSP.AS04.10,,0,bin
bin,WH-PROD-SOAP,Soap Room — Production WH,WSP,A,S04,11,WSP.A,WSP.AS04,WSP.AS04.11,,0,bin
bin,WH-PROD-SOAP,Soap Room — Production WH,WSP,A,S05,01,WSP.A,WSP.AS05,WSP.AS05.01,,0,bin
bin,WH-PROD-SOAP,Soap Room — Production WH,WSP,A,S05,02,WSP.A,WSP.AS05,WSP.AS05.02,,0,bin
bin,WH-PROD-SOAP,Soap Room — Production WH,WSP,A,S05,03,WSP.A,WSP.AS05,WSP.AS05.03,,0,bin
bin,WH-PROD-SOAP,Soap Room — Production WH,WSP,A,S05,04,WSP.A,WSP.AS05,WSP.AS05.04,,0,bin
bin,WH-PROD-SOAP,Soap Room — Production WH,WSP,A,S05,05,WSP.A,WSP.AS05,WSP.AS05.05,,0,bin
bin,WH-PROD-SOAP,Soap Room — Production WH,WSP,A,S05,06,WSP.A,WSP.AS05,WSP.AS05.06,,0,bin
bin,WH-PROD-SOAP,Soap Room — Production WH,WSP,A,S05,07,WSP.A,WSP.AS05,WSP.AS05.07,,0,bin
bin,WH-PROD-SOAP,Soap Room — Production WH,WSP,A,S05,08,WSP.A,WSP.AS05,WSP.AS05.08,,0,bin
bin,WH-PROD-SOAP,Soap Room — Production WH,WSP,A,S05,09,WSP.A,WSP.AS05,WSP.AS05.09,,0,bin
bin,WH-PROD-SOAP,Soap Room — Production WH,WSP,A,S05,10,WSP.A,WSP.AS05,WSP.AS05.10,,0,bin
bin,WH-PROD-SOAP,Soap Room — Production WH,WSP,A,S05,11,WSP.A,WSP.AS05,WSP.AS05.11,,0,bin
bin,WH-PROD-SOAP,Soap Room — Production WH,WSP,A,S06,01,WSP.A,WSP.AS06,WSP.AS06.01,,0,bin
bin,WH-PROD-SOAP,Soap Room — Production WH,WSP,A,S06,02,WSP.A,WSP.AS06,WSP.AS06.02,,0,bin
bin,WH-PROD-SOAP,Soap Room — Production WH,WSP,A,S06,03,WSP.A,WSP.AS06,WSP.AS06.03,,0,bin
bin,WH-PROD-SOAP,Soap Room — Production WH,WSP,A,S06,04,WSP.A,WSP.AS06,WSP.AS06.04,,0,bin
bin,WH-PROD-SOAP,Soap Room — Production WH,WSP,A,S06,05,WSP.A,WSP.AS06,WSP.AS06.05,,0,bin
bin,WH-PROD-SOAP,Soap Room — Production WH,WSP,A,S06,06,WSP.A,WSP.AS06,WSP.AS06.06,,0,bin
bin,WH-PROD-SOAP,Soap Room — Production WH,WSP,A,S06,07,WSP.A,WSP.AS06,WSP.AS06.07,,0,bin
bin,WH-PROD-SOAP,Soap Room — Production WH,WSP,A,S06,08,WSP.A,WSP.AS06,WSP.AS06.08,,0,bin
bin,WH-PROD-SOAP,Soap Room — Production WH,WSP,A,S06,09,WSP.A,WSP.AS06,WSP.AS06.09,,0,bin
bin,WH-PROD-SOAP,Soap Room — Production WH,WSP,A,S06,10,WSP.A,WSP.AS06,WSP.AS06.10,,0,bin
bin,WH-PROD-SOAP,Soap Room — Production WH,WSP,A,S06,11,WSP.A,WSP.AS06,WSP.AS06.11,,0,bin
bin,WH-PROD-SOAP,Soap Room — Production WH,WSP,A,S07,01,WSP.A,WSP.AS07,WSP.AS07.01,,0,bin
bin,WH-PROD-SOAP,Soap Room — Production WH,WSP,A,S07,02,WSP.A,WSP.AS07,WSP.AS07.02,,0,bin
bin,WH-PROD-SOAP,Soap Room — Production WH,WSP,A,S07,03,WSP.A,WSP.AS07,WSP.AS07.03,,0,bin
bin,WH-PROD-SOAP,Soap Room — Production WH,WSP,A,S07,04,WSP.A,WSP.AS07,WSP.AS07.04,,0,bin
bin,WH-PROD-SOAP,Soap Room — Production WH,WSP,A,S07,05,WSP.A,WSP.AS07,WSP.AS07.05,,0,bin
bin,WH-PROD-SOAP,Soap Room — Production WH,WSP,A,S07,06,WSP.A,WSP.AS07,WSP.AS07.06,,0,bin
bin,WH-PROD-SOAP,Soap Room — Production WH,WSP,A,S07,07,WSP.A,WSP.AS07,WSP.AS07.07,,0,bin
bin,WH-PROD-SOAP,Soap Room — Production WH,WSP,A,S07,08,WSP.A,WSP.AS07,WSP.AS07.08,,0,bin
bin,WH-PROD-SOAP,Soap Room — Production WH,WSP,A,S07,09,WSP.A,WSP.AS07,WSP.AS07.09,,0,bin
bin,WH-PROD-SOAP,Soap Room — Production WH,WSP,A,S07,10,WSP.A,WSP.AS07,WSP.AS07.10,,0,bin
bin,WH-PROD-SOAP,Soap Room — Production WH,WSP,A,S07,11,WSP.A,WSP.AS07,WSP.AS07.11,,0,bin
bin,WH-PROD-SOAP,Soap Room — Production WH,WSP,A,S08,01,WSP.A,WSP.AS08,WSP.AS08.01,,0,bin
bin,WH-PROD-SOAP,Soap Room — Production WH,WSP,A,S08,02,WSP.A,WSP.AS08,WSP.AS08.02,,0,bin
bin,WH-PROD-SOAP,Soap Room — Production WH,WSP,A,S08,03,WSP.A,WSP.AS08,WSP.AS08.03,,0,bin
bin,WH-PROD-SOAP,Soap Room — Production WH,WSP,A,S08,04,WSP.A,WSP.AS08,WSP.AS08.04,,0,bin
bin,WH-PROD-SOAP,Soap Room — Production WH,WSP,A,S08,05,WSP.A,WSP.AS08,WSP.AS08.05,,0,bin
bin,WH-PROD-SOAP,Soap Room — Production WH,WSP,A,S08,06,WSP.A,WSP.AS08,WSP.AS08.06,,0,bin
bin,WH-PROD-SOAP,Soap Room — Production WH,WSP,A,S08,07,WSP.A,WSP.AS08,WSP.AS08.07,,0,bin
bin,WH-PROD-SOAP,Soap Room — Production WH,WSP,A,S08,08,WSP.A,WSP.AS08,WSP.AS08.08,,0,bin
bin,WH-PROD-SOAP,Soap Room — Production WH,WSP,A,S08,09,WSP.A,WSP.AS08,WSP.AS08.09,,0,bin
bin,WH-PROD-SOAP,Soap Room — Production WH,WSP,A,S08,10,WSP.A,WSP.AS08,WSP.AS08.10,,0,bin
bin,WH-PROD-SOAP,Soap Room — Production WH,WSP,A,S08,11,WSP.A,WSP.AS08,WSP.AS08.11,,0,bin
bin,WH-PROD-SOAP,Soap Room — Production WH,WSP,A,S09,01,WSP.A,WSP.AS09,WSP.AS09.01,,0,bin
bin,WH-PROD-SOAP,Soap Room — Production WH,WSP,A,S10,01,WSP.A,WSP.AS10,WSP.AS10.01,,0,bin
bin,WH-PROD-SOAP,Soap Room — Production WH,WSP,A,S11,01,WSP.A,WSP.AS11,WSP.AS11.01,,0,bin
bin,WH-PROD-SOAP,Soap Room — Production WH,WSP,A,S12,01,WSP.A,WSP.AS12,WSP.AS12.01,,0,bin
bin,WH-PROD-SOAP,Soap Room — Production WH,WSP,A,S12,02,WSP.A,WSP.AS12,WSP.AS12.02,,0,bin
bin,WH-PROD-SOAP,Soap Room — Production WH,WSP,A,S13,01,WSP.A,WSP.AS13,WSP.AS13.01,,0,bin
bin,WH-PROD-SOAP,Soap Room — Production WH,WSP,A,S13,02,WSP.A,WSP.AS13,WSP.AS13.02,,0,bin
bin,WH-PROD-SOAP,Soap Room — Production WH,WSP,A,S14,01,WSP.A,WSP.AS14,WSP.AS14.01,,0,bin
bin,WH-PROD-SOAP,Soap Room — Production WH,WSP,FG,01,01,Z.WH-PROD-SOAP.FG,WSP.FG.01,WSP.FG.01.01,,0,bin
bin,WH-PROD-SOAP,Soap Room — Production WH,WSP,LINE,01,01,Z.WH-PROD-SOAP.LINE,WSP.LINE.01,WSP.LINE.01.01,,0,bin
shelf,WH-PROD-SOAP,Soap Room — Production WH,WSP,A,S01,,WSP.A,WSP.AS01,,,0,bin
shelf,WH-PROD-SOAP,Soap Room — Production WH,WSP,A,S02,,WSP.A,WSP.AS02,,,0,bin
shelf,WH-PROD-SOAP,Soap Room — Production WH,WSP,A,S03,,WSP.A,WSP.AS03,,,0,bin
shelf,WH-PROD-SOAP,Soap Room — Production WH,WSP,A,S04,,WSP.A,WSP.AS04,,,0,bin
shelf,WH-PROD-SOAP,Soap Room — Production WH,WSP,A,S05,,WSP.A,WSP.AS05,,,0,bin
shelf,WH-PROD-SOAP,Soap Room — Production WH,WSP,A,S06,,WSP.A,WSP.AS06,,,0,bin
shelf,WH-PROD-SOAP,Soap Room — Production WH,WSP,A,S07,,WSP.A,WSP.AS07,,,0,bin
shelf,WH-PROD-SOAP,Soap Room — Production WH,WSP,A,S08,,WSP.A,WSP.AS08,,,0,bin
shelf,WH-PROD-SOAP,Soap Room — Production WH,WSP,A,S09,,WSP.A,WSP.AS09,,,0,bin
shelf,WH-PROD-SOAP,Soap Room — Production WH,WSP,A,S10,,WSP.A,WSP.AS10,,,0,bin
shelf,WH-PROD-SOAP,Soap Room — Production WH,WSP,A,S11,,WSP.A,WSP.AS11,,,0,bin
shelf,WH-PROD-SOAP,Soap Room — Production WH,WSP,A,S12,,WSP.A,WSP.AS12,,,0,bin
shelf,WH-PROD-SOAP,Soap Room — Production WH,WSP,A,S13,,WSP.A,WSP.AS13,,,0,bin
shelf,WH-PROD-SOAP,Soap Room — Production WH,WSP,A,S14,,WSP.A,WSP.AS14,,,0,bin
shelf,WH-PROD-SOAP,Soap Room — Production WH,WSP,FG,01,,Z.WH-PROD-SOAP.FG,WSP.FG.01,,,0,bin
shelf,WH-PROD-SOAP,Soap Room — Production WH,WSP,LINE,01,,Z.WH-PROD-SOAP.LINE,WSP.LINE.01,,,0,bin
zone,WH-PROD-SOAP,Soap Room — Production WH,WSP,A,,,WSP.A,,,,0,bin
zone,WH-PROD-SOAP,Soap Room — Production WH,WSP,FG,,,Z.WH-PROD-SOAP.FG,,,,0,bin
zone,WH-PROD-SOAP,Soap Room — Production WH,WSP,LINE,,,Z.WH-PROD-SOAP.LINE,,,,0,bin
bin,WH-STO-COLD-1,Cold Storage 1,CL1,STG,01,01,Z.WH-STO-COLD-1.STG,CL1.STG.01,CL1.STG.01.01,,0,bin
shelf,WH-STO-COLD-1,Cold Storage 1,CL1,STG,01,,Z.WH-STO-COLD-1.STG,CL1.STG.01,,,0,bin
zone,WH-STO-COLD-1,Cold Storage 1,CL1,STG,,,Z.WH-STO-COLD-1.STG,,,,0,bin
bin,WH-STO-COLD-2,Cold Storage 2,CL2,STG,01,01,Z.WH-STO-COLD-2.STG,CL2.STG.01,CL2.STG.01.01,,0,bin
shelf,WH-STO-COLD-2,Cold Storage 2,CL2,STG,01,,Z.WH-STO-COLD-2.STG,CL2.STG.01,,,0,bin
zone,WH-STO-COLD-2,Cold Storage 2,CL2,STG,,,Z.WH-STO-COLD-2.STG,,,,0,bin
bin,WH-STO-FILTERMAT,Filter Material Warehouse,FMT,STG,01,01,Z.WH-STO-FILTERMAT.STG,FMT.STG.01,FMT.STG.01.01,,0,bin
shelf,WH-STO-FILTERMAT,Filter Material Warehouse,FMT,STG,01,,Z.WH-STO-FILTERMAT.STG,FMT.STG.01,,,0,bin
zone,WH-STO-FILTERMAT,Filter Material Warehouse,FMT,STG,,,Z.WH-STO-FILTERMAT.STG,,,,0,bin
bin,WH-STO-GROUNDNUT,Groundnut Seeds Warehouse,GNT,STG,01,01,Z.WH-STO-GROUNDNUT.STG,GNT.STG.01,GNT.STG.01.01,,0,bin
shelf,WH-STO-GROUNDNUT,Groundnut Seeds Warehouse,GNT,STG,01,,Z.WH-STO-GROUNDNUT.STG,GNT.STG.01,,,0,bin
zone,WH-STO-GROUNDNUT,Groundnut Seeds Warehouse,GNT,STG,,,Z.WH-STO-GROUNDNUT.STG,,,,0,bin
bin,WH-STO-MILLETS,Millets Room,MLT,STG,01,01,Z.WH-STO-MILLETS.STG,MLT.STG.01,MLT.STG.01.01,,0,bin
shelf,WH-STO-MILLETS,Millets Room,MLT,A,S01,,MLT.A,MLT.AS01,,,0,layout
shelf,WH-STO-MILLETS,Millets Room,MLT,A,S02,,MLT.A,MLT.AS02,,,0,layout
shelf,WH-STO-MILLETS,Millets Room,MLT,A,S03,,MLT.A,MLT.AS03,,,0,layout
shelf,WH-STO-MILLETS,Millets Room,MLT,A,S04,,MLT.A,MLT.AS04,,,0,layout
shelf,WH-STO-MILLETS,Millets Room,MLT,A,S05,,MLT.A,MLT.AS05,,,0,layout
shelf,WH-STO-MILLETS,Millets Room,MLT,A,S06,,MLT.A,MLT.AS06,,,0,layout
shelf,WH-STO-MILLETS,Millets Room,MLT,A,S07,,MLT.A,MLT.AS07,,,0,layout
shelf,WH-STO-MILLETS,Millets Room,MLT,A,S08,,MLT.A,MLT.AS08,,,0,layout
shelf,WH-STO-MILLETS,Millets Room,MLT,A,S09,,MLT.A,MLT.AS09,,,0,layout
shelf,WH-STO-MILLETS,Millets Room,MLT,A,S10,,MLT.A,MLT.AS10,,,0,layout
shelf,WH-STO-MILLETS,Millets Room,MLT,A,S11,,MLT.A,MLT.AS11,,,0,layout
shelf,WH-STO-MILLETS,Millets Room,MLT,A,S12,,MLT.A,MLT.AS12,,,0,layout
shelf,WH-STO-MILLETS,Millets Room,MLT,STG,01,,Z.WH-STO-MILLETS.STG,MLT.STG.01,,,0,bin
zone,WH-STO-MILLETS,Millets Room,MLT,A,,,MLT.A,,,,0,layout
zone,WH-STO-MILLETS,Millets Room,MLT,STG,,,Z.WH-STO-MILLETS.STG,,,,0,bin
bin,WH-STO-OILSEEDS,Oil Seeds Warehouse,OSD,STG,01,01,Z.WH-STO-OILSEEDS.STG,OSD.STG.01,OSD.STG.01.01,,0,bin
shelf,WH-STO-OILSEEDS,Oil Seeds Warehouse,OSD,STG,01,,Z.WH-STO-OILSEEDS.STG,OSD.STG.01,,,0,bin
zone,WH-STO-OILSEEDS,Oil Seeds Warehouse,OSD,STG,,,Z.WH-STO-OILSEEDS.STG,,,,0,bin
shelf,WH-STOR,Big Godown,BGD,A,S01,,BGD.A,BGD.AS01,,,0,layout
shelf,WH-STOR,Big Godown,BGD,A,S02,,BGD.A,BGD.AS02,,,0,layout
shelf,WH-STOR,Big Godown,BGD,A,S03,,BGD.A,BGD.AS03,,,0,layout
shelf,WH-STOR,Big Godown,BGD,A,S04,,BGD.A,BGD.AS04,,,0,layout
shelf,WH-STOR,Big Godown,BGD,A,S05,,BGD.A,BGD.AS05,,,0,layout
shelf,WH-STOR,Big Godown,BGD,A,S06,,BGD.A,BGD.AS06,,,0,layout
shelf,WH-STOR,Big Godown,BGD,A,S07,,BGD.A,BGD.AS07,,,0,layout
shelf,WH-STOR,Big Godown,BGD,A,S08,,BGD.A,BGD.AS08,,,0,layout
shelf,WH-STOR,Big Godown,BGD,A,S09,,BGD.A,BGD.AS09,,,0,layout
shelf,WH-STOR,Big Godown,BGD,A,S10,,BGD.A,BGD.AS10,,,0,layout
shelf,WH-STOR,Big Godown,BGD,A,S11,,BGD.A,BGD.AS11,,,0,layout
shelf,WH-STOR,Big Godown,BGD,A,S12,,BGD.A,BGD.AS12,,,0,layout
shelf,WH-STOR,Big Godown,BGD,A,S13,,BGD.A,BGD.AS13,,,0,layout
shelf,WH-STOR,Big Godown,BGD,A,S14,,BGD.A,BGD.AS14,,,0,layout
shelf,WH-STOR,Big Godown,BGD,A,S15,,BGD.A,BGD.AS15,,,0,layout
shelf,WH-STOR,Big Godown,BGD,A,S16,,BGD.A,BGD.AS16,,,0,layout
shelf,WH-STOR,Big Godown,BGD,A,S17,,BGD.A,BGD.AS17,,,0,layout
shelf,WH-STOR,Big Godown,BGD,A,S18,,BGD.A,BGD.AS18,,,0,layout
shelf,WH-STOR,Big Godown,BGD,A,S19,,BGD.A,BGD.AS19,,,0,layout
shelf,WH-STOR,Big Godown,BGD,A,S20,,BGD.A,BGD.AS20,,,0,layout
shelf,WH-STOR,Big Godown,BGD,A,S21,,BGD.A,BGD.AS21,,,0,layout
shelf,WH-STOR,Big Godown,BGD,A,S22,,BGD.A,BGD.AS22,,,0,layout
shelf,WH-STOR,Big Godown,BGD,A,S23,,BGD.A,BGD.AS23,,,0,layout
shelf,WH-STOR,Big Godown,BGD,A,S24,,BGD.A,BGD.AS24,,,0,layout
shelf,WH-STOR,Big Godown,BGD,A,S25,,BGD.A,BGD.AS25,,,0,layout
shelf,WH-STOR,Big Godown,BGD,A,S26,,BGD.A,BGD.AS26,,,0,layout
shelf,WH-STOR,Big Godown,BGD,A,S27,,BGD.A,BGD.AS27,,,0,layout
shelf,WH-STOR,Big Godown,BGD,A,S28,,BGD.A,BGD.AS28,,,0,layout
shelf,WH-STOR,Big Godown,BGD,A,S29,,BGD.A,BGD.AS29,,,0,layout
shelf,WH-STOR,Big Godown,BGD,A,S30,,BGD.A,BGD.AS30,,,0,layout
shelf,WH-STOR,Big Godown,BGD,A,S31,,BGD.A,BGD.AS31,,,0,layout
shelf,WH-STOR,Big Godown,BGD,A,S32,,BGD.A,BGD.AS32,,,0,layout
shelf,WH-STOR,Big Godown,BGD,A,S33,,BGD.A,BGD.AS33,,,0,layout
shelf,WH-STOR,Big Godown,BGD,A,S34,,BGD.A,BGD.AS34,,,0,layout
shelf,WH-STOR,Big Godown,BGD,A,S35,,BGD.A,BGD.AS35,,,0,layout
shelf,WH-STOR,Big Godown,BGD,A,S36,,BGD.A,BGD.AS36,,,0,layout
shelf,WH-STOR,Big Godown,BGD,A,S37,,BGD.A,BGD.AS37,,,0,layout
shelf,WH-STOR,Big Godown,BGD,A,S38,,BGD.A,BGD.AS38,,,0,layout
shelf,WH-STOR,Big Godown,BGD,A,S39,,BGD.A,BGD.AS39,,,0,layout
shelf,WH-STOR,Big Godown,BGD,A,S40,,BGD.A,BGD.AS40,,,0,layout
shelf,WH-STOR,Big Godown,BGD,B,S01,,BGD.B,BGD.BS01,,,0,layout
shelf,WH-STOR,Big Godown,BGD,B,S02,,BGD.B,BGD.BS02,,,0,layout
shelf,WH-STOR,Big Godown,BGD,B,S03,,BGD.B,BGD.BS03,,,0,layout
shelf,WH-STOR,Big Godown,BGD,B,S04,,BGD.B,BGD.BS04,,,0,layout
shelf,WH-STOR,Big Godown,BGD,B,S05,,BGD.B,BGD.BS05,,,0,layout
shelf,WH-STOR,Big Godown,BGD,B,S06,,BGD.B,BGD.BS06,,,0,layout
shelf,WH-STOR,Big Godown,BGD,B,S07,,BGD.B,BGD.BS07,,,0,layout
shelf,WH-STOR,Big Godown,BGD,B,S08,,BGD.B,BGD.BS08,,,0,layout
shelf,WH-STOR,Big Godown,BGD,B,S09,,BGD.B,BGD.BS09,,,0,layout
shelf,WH-STOR,Big Godown,BGD,B,S10,,BGD.B,BGD.BS10,,,0,layout
shelf,WH-STOR,Big Godown,BGD,B,S11,,BGD.B,BGD.BS11,,,0,layout
shelf,WH-STOR,Big Godown,BGD,B,S12,,BGD.B,BGD.BS12,,,0,layout
shelf,WH-STOR,Big Godown,BGD,B,S13,,BGD.B,BGD.BS13,,,0,layout
shelf,WH-STOR,Big Godown,BGD,B,S14,,BGD.B,BGD.BS14,,,0,layout
shelf,WH-STOR,Big Godown,BGD,C,S01,,BGD.C,BGD.CS01,,,0,layout
shelf,WH-STOR,Big Godown,BGD,C,S02,,BGD.C,BGD.CS02,,,0,layout
shelf,WH-STOR,Big Godown,BGD,C,S03,,BGD.C,BGD.CS03,,,0,layout
shelf,WH-STOR,Big Godown,BGD,C,S04,,BGD.C,BGD.CS04,,,0,layout
shelf,WH-STOR,Big Godown,BGD,C,S05,,BGD.C,BGD.CS05,,,0,layout
shelf,WH-STOR,Big Godown,BGD,C,S06,,BGD.C,BGD.CS06,,,0,layout
shelf,WH-STOR,Big Godown,BGD,C,S07,,BGD.C,BGD.CS07,,,0,layout
shelf,WH-STOR,Big Godown,BGD,C,S08,,BGD.C,BGD.CS08,,,0,layout
zone,WH-STOR,Big Godown,BGD,A,,,BGD.A,,,,0,layout
zone,WH-STOR,Big Godown,BGD,B,,,BGD.B,,,,0,layout
zone,WH-STOR,Big Godown,BGD,C,,,BGD.C,,,,0,layout